[2026-04-30T11:05:42.249+0000] {processor.py:161} INFO - Started process (PID=204) to work on /opt/airflow/dags/sales_dwh_pipeline.py
[2026-04-30T11:05:42.251+0000] {processor.py:830} INFO - Processing file /opt/airflow/dags/sales_dwh_pipeline.py for tasks to queue
[2026-04-30T11:05:42.256+0000] {logging_mixin.py:188} INFO - [2026-04-30T11:05:42.255+0000] {dagbag.py:545} INFO - Filling up the DagBag from /opt/airflow/dags/sales_dwh_pipeline.py
[2026-04-30T11:05:42.331+0000] {processor.py:840} INFO - DAG(s) 'sales_dwh_pipeline' retrieved from /opt/airflow/dags/sales_dwh_pipeline.py
[2026-04-30T11:05:42.393+0000] {logging_mixin.py:188} INFO - [2026-04-30T11:05:42.393+0000] {dag.py:3096} INFO - Sync 1 DAGs
[2026-04-30T11:05:42.443+0000] {logging_mixin.py:188} INFO - [2026-04-30T11:05:42.442+0000] {dag.py:3954} INFO - Setting next_dagrun for sales_dwh_pipeline to 2026-04-29 02:00:00+00:00, run_after=2026-04-30 02:00:00+00:00
[2026-04-30T11:05:42.483+0000] {processor.py:183} INFO - Processing /opt/airflow/dags/sales_dwh_pipeline.py took 0.246 seconds
[2026-04-30T11:06:13.164+0000] {processor.py:161} INFO - Started process (PID=215) to work on /opt/airflow/dags/sales_dwh_pipeline.py
[2026-04-30T11:06:13.168+0000] {processor.py:830} INFO - Processing file /opt/airflow/dags/sales_dwh_pipeline.py for tasks to queue
[2026-04-30T11:06:13.172+0000] {logging_mixin.py:188} INFO - [2026-04-30T11:06:13.171+0000] {dagbag.py:545} INFO - Filling up the DagBag from /opt/airflow/dags/sales_dwh_pipeline.py
[2026-04-30T11:06:13.225+0000] {processor.py:840} INFO - DAG(s) 'sales_dwh_pipeline' retrieved from /opt/airflow/dags/sales_dwh_pipeline.py
[2026-04-30T11:06:13.752+0000] {logging_mixin.py:188} INFO - [2026-04-30T11:06:13.752+0000] {dag.py:3096} INFO - Sync 1 DAGs
[2026-04-30T11:06:13.789+0000] {logging_mixin.py:188} INFO - [2026-04-30T11:06:13.789+0000] {dag.py:3954} INFO - Setting next_dagrun for sales_dwh_pipeline to 2026-04-29 02:00:00+00:00, run_after=2026-04-30 02:00:00+00:00
[2026-04-30T11:06:13.831+0000] {processor.py:183} INFO - Processing /opt/airflow/dags/sales_dwh_pipeline.py took 0.681 seconds
[2026-04-30T11:06:43.968+0000] {processor.py:161} INFO - Started process (PID=232) to work on /opt/airflow/dags/sales_dwh_pipeline.py
[2026-04-30T11:06:43.971+0000] {processor.py:830} INFO - Processing file /opt/airflow/dags/sales_dwh_pipeline.py for tasks to queue
[2026-04-30T11:06:43.976+0000] {logging_mixin.py:188} INFO - [2026-04-30T11:06:43.976+0000] {dagbag.py:545} INFO - Filling up the DagBag from /opt/airflow/dags/sales_dwh_pipeline.py
[2026-04-30T11:06:44.031+0000] {processor.py:840} INFO - DAG(s) 'sales_dwh_pipeline' retrieved from /opt/airflow/dags/sales_dwh_pipeline.py
[2026-04-30T11:06:44.133+0000] {logging_mixin.py:188} INFO - [2026-04-30T11:06:44.132+0000] {dag.py:3096} INFO - Sync 1 DAGs
[2026-04-30T11:06:44.225+0000] {logging_mixin.py:188} INFO - [2026-04-30T11:06:44.224+0000] {dag.py:3954} INFO - Setting next_dagrun for sales_dwh_pipeline to 2026-04-29 02:00:00+00:00, run_after=2026-04-30 02:00:00+00:00
[2026-04-30T11:06:44.280+0000] {processor.py:183} INFO - Processing /opt/airflow/dags/sales_dwh_pipeline.py took 0.331 seconds
[2026-04-30T11:07:15.040+0000] {processor.py:161} INFO - Started process (PID=243) to work on /opt/airflow/dags/sales_dwh_pipeline.py
[2026-04-30T11:07:15.043+0000] {processor.py:830} INFO - Processing file /opt/airflow/dags/sales_dwh_pipeline.py for tasks to queue
[2026-04-30T11:07:15.048+0000] {logging_mixin.py:188} INFO - [2026-04-30T11:07:15.048+0000] {dagbag.py:545} INFO - Filling up the DagBag from /opt/airflow/dags/sales_dwh_pipeline.py
[2026-04-30T11:07:15.103+0000] {processor.py:840} INFO - DAG(s) 'sales_dwh_pipeline' retrieved from /opt/airflow/dags/sales_dwh_pipeline.py
[2026-04-30T11:07:15.200+0000] {logging_mixin.py:188} INFO - [2026-04-30T11:07:15.199+0000] {dag.py:3096} INFO - Sync 1 DAGs
[2026-04-30T11:07:15.265+0000] {logging_mixin.py:188} INFO - [2026-04-30T11:07:15.264+0000] {dag.py:3954} INFO - Setting next_dagrun for sales_dwh_pipeline to 2026-04-29 02:00:00+00:00, run_after=2026-04-30 02:00:00+00:00
[2026-04-30T11:07:15.321+0000] {processor.py:183} INFO - Processing /opt/airflow/dags/sales_dwh_pipeline.py took 0.292 seconds
[2026-04-30T11:07:45.411+0000] {processor.py:161} INFO - Started process (PID=254) to work on /opt/airflow/dags/sales_dwh_pipeline.py
[2026-04-30T11:07:45.414+0000] {processor.py:830} INFO - Processing file /opt/airflow/dags/sales_dwh_pipeline.py for tasks to queue
[2026-04-30T11:07:45.419+0000] {logging_mixin.py:188} INFO - [2026-04-30T11:07:45.418+0000] {dagbag.py:545} INFO - Filling up the DagBag from /opt/airflow/dags/sales_dwh_pipeline.py
[2026-04-30T11:07:45.467+0000] {processor.py:840} INFO - DAG(s) 'sales_dwh_pipeline' retrieved from /opt/airflow/dags/sales_dwh_pipeline.py
[2026-04-30T11:07:45.529+0000] {logging_mixin.py:188} INFO - [2026-04-30T11:07:45.529+0000] {dag.py:3096} INFO - Sync 1 DAGs
[2026-04-30T11:07:45.575+0000] {logging_mixin.py:188} INFO - [2026-04-30T11:07:45.575+0000] {dag.py:3954} INFO - Setting next_dagrun for sales_dwh_pipeline to 2026-04-29 02:00:00+00:00, run_after=2026-04-30 02:00:00+00:00
[2026-04-30T11:07:45.624+0000] {processor.py:183} INFO - Processing /opt/airflow/dags/sales_dwh_pipeline.py took 0.223 seconds
[2026-04-30T11:08:16.511+0000] {processor.py:161} INFO - Started process (PID=265) to work on /opt/airflow/dags/sales_dwh_pipeline.py
[2026-04-30T11:08:16.514+0000] {processor.py:830} INFO - Processing file /opt/airflow/dags/sales_dwh_pipeline.py for tasks to queue
[2026-04-30T11:08:16.519+0000] {logging_mixin.py:188} INFO - [2026-04-30T11:08:16.518+0000] {dagbag.py:545} INFO - Filling up the DagBag from /opt/airflow/dags/sales_dwh_pipeline.py
[2026-04-30T11:08:16.568+0000] {processor.py:840} INFO - DAG(s) 'sales_dwh_pipeline' retrieved from /opt/airflow/dags/sales_dwh_pipeline.py
[2026-04-30T11:08:16.629+0000] {logging_mixin.py:188} INFO - [2026-04-30T11:08:16.629+0000] {dag.py:3096} INFO - Sync 1 DAGs
[2026-04-30T11:08:16.675+0000] {logging_mixin.py:188} INFO - [2026-04-30T11:08:16.674+0000] {dag.py:3954} INFO - Setting next_dagrun for sales_dwh_pipeline to 2026-04-29 02:00:00+00:00, run_after=2026-04-30 02:00:00+00:00
[2026-04-30T11:08:16.745+0000] {processor.py:183} INFO - Processing /opt/airflow/dags/sales_dwh_pipeline.py took 0.245 seconds
[2026-04-30T11:08:47.436+0000] {processor.py:161} INFO - Started process (PID=276) to work on /opt/airflow/dags/sales_dwh_pipeline.py
[2026-04-30T11:08:47.439+0000] {processor.py:830} INFO - Processing file /opt/airflow/dags/sales_dwh_pipeline.py for tasks to queue
[2026-04-30T11:08:47.444+0000] {logging_mixin.py:188} INFO - [2026-04-30T11:08:47.443+0000] {dagbag.py:545} INFO - Filling up the DagBag from /opt/airflow/dags/sales_dwh_pipeline.py
[2026-04-30T11:08:47.491+0000] {processor.py:840} INFO - DAG(s) 'sales_dwh_pipeline' retrieved from /opt/airflow/dags/sales_dwh_pipeline.py
[2026-04-30T11:08:47.552+0000] {logging_mixin.py:188} INFO - [2026-04-30T11:08:47.552+0000] {dag.py:3096} INFO - Sync 1 DAGs
[2026-04-30T11:08:47.600+0000] {logging_mixin.py:188} INFO - [2026-04-30T11:08:47.600+0000] {dag.py:3954} INFO - Setting next_dagrun for sales_dwh_pipeline to 2026-04-29 02:00:00+00:00, run_after=2026-04-30 02:00:00+00:00
[2026-04-30T11:08:47.640+0000] {processor.py:183} INFO - Processing /opt/airflow/dags/sales_dwh_pipeline.py took 0.218 seconds
[2026-04-30T11:09:18.292+0000] {processor.py:161} INFO - Started process (PID=287) to work on /opt/airflow/dags/sales_dwh_pipeline.py
[2026-04-30T11:09:18.297+0000] {processor.py:830} INFO - Processing file /opt/airflow/dags/sales_dwh_pipeline.py for tasks to queue
[2026-04-30T11:09:18.303+0000] {logging_mixin.py:188} INFO - [2026-04-30T11:09:18.301+0000] {dagbag.py:545} INFO - Filling up the DagBag from /opt/airflow/dags/sales_dwh_pipeline.py
[2026-04-30T11:09:18.364+0000] {processor.py:840} INFO - DAG(s) 'sales_dwh_pipeline' retrieved from /opt/airflow/dags/sales_dwh_pipeline.py
[2026-04-30T11:09:18.424+0000] {logging_mixin.py:188} INFO - [2026-04-30T11:09:18.423+0000] {dag.py:3096} INFO - Sync 1 DAGs
[2026-04-30T11:09:18.476+0000] {logging_mixin.py:188} INFO - [2026-04-30T11:09:18.475+0000] {dag.py:3954} INFO - Setting next_dagrun for sales_dwh_pipeline to 2026-04-29 02:00:00+00:00, run_after=2026-04-30 02:00:00+00:00
[2026-04-30T11:09:18.522+0000] {processor.py:183} INFO - Processing /opt/airflow/dags/sales_dwh_pipeline.py took 0.241 seconds
[2026-04-30T11:09:49.509+0000] {processor.py:161} INFO - Started process (PID=298) to work on /opt/airflow/dags/sales_dwh_pipeline.py
[2026-04-30T11:09:49.511+0000] {processor.py:830} INFO - Processing file /opt/airflow/dags/sales_dwh_pipeline.py for tasks to queue
[2026-04-30T11:09:49.517+0000] {logging_mixin.py:188} INFO - [2026-04-30T11:09:49.516+0000] {dagbag.py:545} INFO - Filling up the DagBag from /opt/airflow/dags/sales_dwh_pipeline.py
[2026-04-30T11:09:49.585+0000] {processor.py:840} INFO - DAG(s) 'sales_dwh_pipeline' retrieved from /opt/airflow/dags/sales_dwh_pipeline.py
[2026-04-30T11:09:49.653+0000] {logging_mixin.py:188} INFO - [2026-04-30T11:09:49.652+0000] {dag.py:3096} INFO - Sync 1 DAGs
[2026-04-30T11:09:49.708+0000] {logging_mixin.py:188} INFO - [2026-04-30T11:09:49.708+0000] {dag.py:3954} INFO - Setting next_dagrun for sales_dwh_pipeline to 2026-04-29 02:00:00+00:00, run_after=2026-04-30 02:00:00+00:00
[2026-04-30T11:09:49.749+0000] {processor.py:183} INFO - Processing /opt/airflow/dags/sales_dwh_pipeline.py took 0.256 seconds
[2026-04-30T11:16:59.970+0000] {processor.py:161} INFO - Started process (PID=197) to work on /opt/airflow/dags/sales_dwh_pipeline.py
[2026-04-30T11:16:59.973+0000] {processor.py:830} INFO - Processing file /opt/airflow/dags/sales_dwh_pipeline.py for tasks to queue
[2026-04-30T11:16:59.977+0000] {logging_mixin.py:188} INFO - [2026-04-30T11:16:59.976+0000] {dagbag.py:545} INFO - Filling up the DagBag from /opt/airflow/dags/sales_dwh_pipeline.py
[2026-04-30T11:17:00.042+0000] {processor.py:840} INFO - DAG(s) 'sales_dwh_pipeline' retrieved from /opt/airflow/dags/sales_dwh_pipeline.py
[2026-04-30T11:17:00.101+0000] {logging_mixin.py:188} INFO - [2026-04-30T11:17:00.100+0000] {dag.py:3096} INFO - Sync 1 DAGs
[2026-04-30T11:17:00.152+0000] {logging_mixin.py:188} INFO - [2026-04-30T11:17:00.151+0000] {dag.py:3954} INFO - Setting next_dagrun for sales_dwh_pipeline to 2026-04-29 02:00:00+00:00, run_after=2026-04-30 02:00:00+00:00
[2026-04-30T11:17:00.193+0000] {processor.py:183} INFO - Processing /opt/airflow/dags/sales_dwh_pipeline.py took 0.234 seconds
[2026-04-30T11:17:30.893+0000] {processor.py:161} INFO - Started process (PID=215) to work on /opt/airflow/dags/sales_dwh_pipeline.py
[2026-04-30T11:17:30.896+0000] {processor.py:830} INFO - Processing file /opt/airflow/dags/sales_dwh_pipeline.py for tasks to queue
[2026-04-30T11:17:30.900+0000] {logging_mixin.py:188} INFO - [2026-04-30T11:17:30.900+0000] {dagbag.py:545} INFO - Filling up the DagBag from /opt/airflow/dags/sales_dwh_pipeline.py
[2026-04-30T11:17:30.946+0000] {processor.py:840} INFO - DAG(s) 'sales_dwh_pipeline' retrieved from /opt/airflow/dags/sales_dwh_pipeline.py
[2026-04-30T11:17:30.974+0000] {logging_mixin.py:188} INFO - [2026-04-30T11:17:30.974+0000] {dag.py:3096} INFO - Sync 1 DAGs
[2026-04-30T11:17:31.026+0000] {logging_mixin.py:188} INFO - [2026-04-30T11:17:31.026+0000] {dag.py:3954} INFO - Setting next_dagrun for sales_dwh_pipeline to 2026-04-29 02:00:00+00:00, run_after=2026-04-30 02:00:00+00:00
[2026-04-30T11:17:31.078+0000] {processor.py:183} INFO - Processing /opt/airflow/dags/sales_dwh_pipeline.py took 0.195 seconds
[2026-04-30T11:18:01.940+0000] {processor.py:161} INFO - Started process (PID=229) to work on /opt/airflow/dags/sales_dwh_pipeline.py
[2026-04-30T11:18:01.944+0000] {processor.py:830} INFO - Processing file /opt/airflow/dags/sales_dwh_pipeline.py for tasks to queue
[2026-04-30T11:18:01.950+0000] {logging_mixin.py:188} INFO - [2026-04-30T11:18:01.948+0000] {dagbag.py:545} INFO - Filling up the DagBag from /opt/airflow/dags/sales_dwh_pipeline.py
[2026-04-30T11:18:02.002+0000] {processor.py:840} INFO - DAG(s) 'sales_dwh_pipeline' retrieved from /opt/airflow/dags/sales_dwh_pipeline.py
[2026-04-30T11:18:02.507+0000] {logging_mixin.py:188} INFO - [2026-04-30T11:18:02.506+0000] {dag.py:3096} INFO - Sync 1 DAGs
[2026-04-30T11:18:02.592+0000] {processor.py:183} INFO - Processing /opt/airflow/dags/sales_dwh_pipeline.py took 0.669 seconds
[2026-04-30T11:18:33.548+0000] {processor.py:161} INFO - Started process (PID=245) to work on /opt/airflow/dags/sales_dwh_pipeline.py
[2026-04-30T11:18:33.551+0000] {processor.py:830} INFO - Processing file /opt/airflow/dags/sales_dwh_pipeline.py for tasks to queue
[2026-04-30T11:18:33.555+0000] {logging_mixin.py:188} INFO - [2026-04-30T11:18:33.554+0000] {dagbag.py:545} INFO - Filling up the DagBag from /opt/airflow/dags/sales_dwh_pipeline.py
[2026-04-30T11:18:33.612+0000] {processor.py:840} INFO - DAG(s) 'sales_dwh_pipeline' retrieved from /opt/airflow/dags/sales_dwh_pipeline.py
[2026-04-30T11:18:33.717+0000] {logging_mixin.py:188} INFO - [2026-04-30T11:18:33.716+0000] {dag.py:3096} INFO - Sync 1 DAGs
[2026-04-30T11:18:33.821+0000] {processor.py:183} INFO - Processing /opt/airflow/dags/sales_dwh_pipeline.py took 0.291 seconds
[2026-04-30T11:19:04.724+0000] {processor.py:161} INFO - Started process (PID=256) to work on /opt/airflow/dags/sales_dwh_pipeline.py
[2026-04-30T11:19:04.726+0000] {processor.py:830} INFO - Processing file /opt/airflow/dags/sales_dwh_pipeline.py for tasks to queue
[2026-04-30T11:19:04.730+0000] {logging_mixin.py:188} INFO - [2026-04-30T11:19:04.730+0000] {dagbag.py:545} INFO - Filling up the DagBag from /opt/airflow/dags/sales_dwh_pipeline.py
[2026-04-30T11:19:04.775+0000] {processor.py:840} INFO - DAG(s) 'sales_dwh_pipeline' retrieved from /opt/airflow/dags/sales_dwh_pipeline.py
[2026-04-30T11:19:04.850+0000] {logging_mixin.py:188} INFO - [2026-04-30T11:19:04.849+0000] {dag.py:3096} INFO - Sync 1 DAGs
[2026-04-30T11:19:04.947+0000] {processor.py:183} INFO - Processing /opt/airflow/dags/sales_dwh_pipeline.py took 0.233 seconds
[2026-04-30T11:19:35.644+0000] {processor.py:161} INFO - Started process (PID=267) to work on /opt/airflow/dags/sales_dwh_pipeline.py
[2026-04-30T11:19:35.646+0000] {processor.py:830} INFO - Processing file /opt/airflow/dags/sales_dwh_pipeline.py for tasks to queue
[2026-04-30T11:19:35.649+0000] {logging_mixin.py:188} INFO - [2026-04-30T11:19:35.648+0000] {dagbag.py:545} INFO - Filling up the DagBag from /opt/airflow/dags/sales_dwh_pipeline.py
[2026-04-30T11:19:35.694+0000] {processor.py:840} INFO - DAG(s) 'sales_dwh_pipeline' retrieved from /opt/airflow/dags/sales_dwh_pipeline.py
[2026-04-30T11:19:35.752+0000] {logging_mixin.py:188} INFO - [2026-04-30T11:19:35.751+0000] {dag.py:3096} INFO - Sync 1 DAGs
[2026-04-30T11:19:35.846+0000] {processor.py:183} INFO - Processing /opt/airflow/dags/sales_dwh_pipeline.py took 0.215 seconds
[2026-04-30T11:20:06.831+0000] {processor.py:161} INFO - Started process (PID=278) to work on /opt/airflow/dags/sales_dwh_pipeline.py
[2026-04-30T11:20:06.834+0000] {processor.py:830} INFO - Processing file /opt/airflow/dags/sales_dwh_pipeline.py for tasks to queue
[2026-04-30T11:20:06.839+0000] {logging_mixin.py:188} INFO - [2026-04-30T11:20:06.839+0000] {dagbag.py:545} INFO - Filling up the DagBag from /opt/airflow/dags/sales_dwh_pipeline.py
[2026-04-30T11:20:06.889+0000] {processor.py:840} INFO - DAG(s) 'sales_dwh_pipeline' retrieved from /opt/airflow/dags/sales_dwh_pipeline.py
[2026-04-30T11:20:06.950+0000] {logging_mixin.py:188} INFO - [2026-04-30T11:20:06.950+0000] {dag.py:3096} INFO - Sync 1 DAGs
[2026-04-30T11:20:07.035+0000] {processor.py:183} INFO - Processing /opt/airflow/dags/sales_dwh_pipeline.py took 0.218 seconds
[2026-04-30T11:20:37.971+0000] {processor.py:161} INFO - Started process (PID=289) to work on /opt/airflow/dags/sales_dwh_pipeline.py
[2026-04-30T11:20:37.974+0000] {processor.py:830} INFO - Processing file /opt/airflow/dags/sales_dwh_pipeline.py for tasks to queue
[2026-04-30T11:20:37.979+0000] {logging_mixin.py:188} INFO - [2026-04-30T11:20:37.978+0000] {dagbag.py:545} INFO - Filling up the DagBag from /opt/airflow/dags/sales_dwh_pipeline.py
[2026-04-30T11:20:38.027+0000] {processor.py:840} INFO - DAG(s) 'sales_dwh_pipeline' retrieved from /opt/airflow/dags/sales_dwh_pipeline.py
[2026-04-30T11:20:38.086+0000] {logging_mixin.py:188} INFO - [2026-04-30T11:20:38.086+0000] {dag.py:3096} INFO - Sync 1 DAGs
[2026-04-30T11:20:38.179+0000] {processor.py:183} INFO - Processing /opt/airflow/dags/sales_dwh_pipeline.py took 0.220 seconds
[2026-04-30T11:21:08.941+0000] {processor.py:161} INFO - Started process (PID=301) to work on /opt/airflow/dags/sales_dwh_pipeline.py
[2026-04-30T11:21:08.943+0000] {processor.py:830} INFO - Processing file /opt/airflow/dags/sales_dwh_pipeline.py for tasks to queue
[2026-04-30T11:21:08.948+0000] {logging_mixin.py:188} INFO - [2026-04-30T11:21:08.947+0000] {dagbag.py:545} INFO - Filling up the DagBag from /opt/airflow/dags/sales_dwh_pipeline.py
[2026-04-30T11:21:09.000+0000] {processor.py:840} INFO - DAG(s) 'sales_dwh_pipeline' retrieved from /opt/airflow/dags/sales_dwh_pipeline.py
[2026-04-30T11:21:09.080+0000] {logging_mixin.py:188} INFO - [2026-04-30T11:21:09.079+0000] {dag.py:3096} INFO - Sync 1 DAGs
[2026-04-30T11:21:09.185+0000] {processor.py:183} INFO - Processing /opt/airflow/dags/sales_dwh_pipeline.py took 0.257 seconds
[2026-04-30T11:21:39.970+0000] {processor.py:161} INFO - Started process (PID=312) to work on /opt/airflow/dags/sales_dwh_pipeline.py
[2026-04-30T11:21:39.973+0000] {processor.py:830} INFO - Processing file /opt/airflow/dags/sales_dwh_pipeline.py for tasks to queue
[2026-04-30T11:21:39.978+0000] {logging_mixin.py:188} INFO - [2026-04-30T11:21:39.978+0000] {dagbag.py:545} INFO - Filling up the DagBag from /opt/airflow/dags/sales_dwh_pipeline.py
[2026-04-30T11:21:40.025+0000] {processor.py:840} INFO - DAG(s) 'sales_dwh_pipeline' retrieved from /opt/airflow/dags/sales_dwh_pipeline.py
[2026-04-30T11:21:40.086+0000] {logging_mixin.py:188} INFO - [2026-04-30T11:21:40.086+0000] {dag.py:3096} INFO - Sync 1 DAGs
[2026-04-30T11:21:40.165+0000] {processor.py:183} INFO - Processing /opt/airflow/dags/sales_dwh_pipeline.py took 0.207 seconds
[2026-04-30T11:22:10.459+0000] {processor.py:161} INFO - Started process (PID=323) to work on /opt/airflow/dags/sales_dwh_pipeline.py
[2026-04-30T11:22:10.462+0000] {processor.py:830} INFO - Processing file /opt/airflow/dags/sales_dwh_pipeline.py for tasks to queue
[2026-04-30T11:22:10.466+0000] {logging_mixin.py:188} INFO - [2026-04-30T11:22:10.465+0000] {dagbag.py:545} INFO - Filling up the DagBag from /opt/airflow/dags/sales_dwh_pipeline.py
[2026-04-30T11:22:10.521+0000] {processor.py:840} INFO - DAG(s) 'sales_dwh_pipeline' retrieved from /opt/airflow/dags/sales_dwh_pipeline.py
[2026-04-30T11:22:10.594+0000] {logging_mixin.py:188} INFO - [2026-04-30T11:22:10.593+0000] {dag.py:3096} INFO - Sync 1 DAGs
[2026-04-30T11:22:10.703+0000] {processor.py:183} INFO - Processing /opt/airflow/dags/sales_dwh_pipeline.py took 0.257 seconds
[2026-04-30T11:22:41.511+0000] {processor.py:161} INFO - Started process (PID=334) to work on /opt/airflow/dags/sales_dwh_pipeline.py
[2026-04-30T11:22:41.514+0000] {processor.py:830} INFO - Processing file /opt/airflow/dags/sales_dwh_pipeline.py for tasks to queue
[2026-04-30T11:22:41.519+0000] {logging_mixin.py:188} INFO - [2026-04-30T11:22:41.518+0000] {dagbag.py:545} INFO - Filling up the DagBag from /opt/airflow/dags/sales_dwh_pipeline.py
[2026-04-30T11:22:41.564+0000] {processor.py:840} INFO - DAG(s) 'sales_dwh_pipeline' retrieved from /opt/airflow/dags/sales_dwh_pipeline.py
[2026-04-30T11:22:41.627+0000] {logging_mixin.py:188} INFO - [2026-04-30T11:22:41.626+0000] {dag.py:3096} INFO - Sync 1 DAGs
[2026-04-30T11:22:41.734+0000] {processor.py:183} INFO - Processing /opt/airflow/dags/sales_dwh_pipeline.py took 0.237 seconds
[2026-04-30T11:23:12.469+0000] {processor.py:161} INFO - Started process (PID=351) to work on /opt/airflow/dags/sales_dwh_pipeline.py
[2026-04-30T11:23:12.471+0000] {processor.py:830} INFO - Processing file /opt/airflow/dags/sales_dwh_pipeline.py for tasks to queue
[2026-04-30T11:23:12.476+0000] {logging_mixin.py:188} INFO - [2026-04-30T11:23:12.475+0000] {dagbag.py:545} INFO - Filling up the DagBag from /opt/airflow/dags/sales_dwh_pipeline.py
[2026-04-30T11:23:12.525+0000] {processor.py:840} INFO - DAG(s) 'sales_dwh_pipeline' retrieved from /opt/airflow/dags/sales_dwh_pipeline.py
[2026-04-30T11:23:12.592+0000] {logging_mixin.py:188} INFO - [2026-04-30T11:23:12.592+0000] {dag.py:3096} INFO - Sync 1 DAGs
[2026-04-30T11:23:12.683+0000] {processor.py:183} INFO - Processing /opt/airflow/dags/sales_dwh_pipeline.py took 0.230 seconds
[2026-04-30T11:23:43.258+0000] {processor.py:161} INFO - Started process (PID=370) to work on /opt/airflow/dags/sales_dwh_pipeline.py
[2026-04-30T11:23:43.262+0000] {processor.py:830} INFO - Processing file /opt/airflow/dags/sales_dwh_pipeline.py for tasks to queue
[2026-04-30T11:23:43.272+0000] {logging_mixin.py:188} INFO - [2026-04-30T11:23:43.271+0000] {dagbag.py:545} INFO - Filling up the DagBag from /opt/airflow/dags/sales_dwh_pipeline.py
[2026-04-30T11:23:43.379+0000] {processor.py:840} INFO - DAG(s) 'sales_dwh_pipeline' retrieved from /opt/airflow/dags/sales_dwh_pipeline.py
[2026-04-30T11:23:43.509+0000] {logging_mixin.py:188} INFO - [2026-04-30T11:23:43.509+0000] {dag.py:3096} INFO - Sync 1 DAGs
[2026-04-30T11:23:43.728+0000] {processor.py:183} INFO - Processing /opt/airflow/dags/sales_dwh_pipeline.py took 0.503 seconds
[2026-04-30T11:24:14.285+0000] {processor.py:161} INFO - Started process (PID=385) to work on /opt/airflow/dags/sales_dwh_pipeline.py
[2026-04-30T11:24:14.287+0000] {processor.py:830} INFO - Processing file /opt/airflow/dags/sales_dwh_pipeline.py for tasks to queue
[2026-04-30T11:24:14.291+0000] {logging_mixin.py:188} INFO - [2026-04-30T11:24:14.290+0000] {dagbag.py:545} INFO - Filling up the DagBag from /opt/airflow/dags/sales_dwh_pipeline.py
[2026-04-30T11:24:14.333+0000] {processor.py:840} INFO - DAG(s) 'sales_dwh_pipeline' retrieved from /opt/airflow/dags/sales_dwh_pipeline.py
[2026-04-30T11:24:14.391+0000] {logging_mixin.py:188} INFO - [2026-04-30T11:24:14.390+0000] {dag.py:3096} INFO - Sync 1 DAGs
[2026-04-30T11:24:14.484+0000] {processor.py:183} INFO - Processing /opt/airflow/dags/sales_dwh_pipeline.py took 0.212 seconds
[2026-04-30T11:24:45.330+0000] {processor.py:161} INFO - Started process (PID=396) to work on /opt/airflow/dags/sales_dwh_pipeline.py
[2026-04-30T11:24:45.333+0000] {processor.py:830} INFO - Processing file /opt/airflow/dags/sales_dwh_pipeline.py for tasks to queue
[2026-04-30T11:24:45.339+0000] {logging_mixin.py:188} INFO - [2026-04-30T11:24:45.338+0000] {dagbag.py:545} INFO - Filling up the DagBag from /opt/airflow/dags/sales_dwh_pipeline.py
[2026-04-30T11:24:45.385+0000] {processor.py:840} INFO - DAG(s) 'sales_dwh_pipeline' retrieved from /opt/airflow/dags/sales_dwh_pipeline.py
[2026-04-30T11:24:45.447+0000] {logging_mixin.py:188} INFO - [2026-04-30T11:24:45.446+0000] {dag.py:3096} INFO - Sync 1 DAGs
[2026-04-30T11:24:45.528+0000] {processor.py:183} INFO - Processing /opt/airflow/dags/sales_dwh_pipeline.py took 0.215 seconds
[2026-04-30T11:25:16.530+0000] {processor.py:161} INFO - Started process (PID=407) to work on /opt/airflow/dags/sales_dwh_pipeline.py
[2026-04-30T11:25:16.532+0000] {processor.py:830} INFO - Processing file /opt/airflow/dags/sales_dwh_pipeline.py for tasks to queue
[2026-04-30T11:25:16.537+0000] {logging_mixin.py:188} INFO - [2026-04-30T11:25:16.536+0000] {dagbag.py:545} INFO - Filling up the DagBag from /opt/airflow/dags/sales_dwh_pipeline.py
[2026-04-30T11:25:16.592+0000] {processor.py:840} INFO - DAG(s) 'sales_dwh_pipeline' retrieved from /opt/airflow/dags/sales_dwh_pipeline.py
[2026-04-30T11:25:16.652+0000] {logging_mixin.py:188} INFO - [2026-04-30T11:25:16.652+0000] {dag.py:3096} INFO - Sync 1 DAGs
[2026-04-30T11:25:16.752+0000] {processor.py:183} INFO - Processing /opt/airflow/dags/sales_dwh_pipeline.py took 0.232 seconds
[2026-04-30T11:26:37.560+0000] {processor.py:161} INFO - Started process (PID=196) to work on /opt/airflow/dags/sales_dwh_pipeline.py
[2026-04-30T11:26:37.562+0000] {processor.py:830} INFO - Processing file /opt/airflow/dags/sales_dwh_pipeline.py for tasks to queue
[2026-04-30T11:26:37.567+0000] {logging_mixin.py:188} INFO - [2026-04-30T11:26:37.566+0000] {dagbag.py:545} INFO - Filling up the DagBag from /opt/airflow/dags/sales_dwh_pipeline.py
[2026-04-30T11:26:37.611+0000] {processor.py:840} INFO - DAG(s) 'sales_dwh_pipeline' retrieved from /opt/airflow/dags/sales_dwh_pipeline.py
[2026-04-30T11:26:38.189+0000] {logging_mixin.py:188} INFO - [2026-04-30T11:26:38.188+0000] {dag.py:3096} INFO - Sync 1 DAGs
[2026-04-30T11:26:38.284+0000] {processor.py:183} INFO - Processing /opt/airflow/dags/sales_dwh_pipeline.py took 0.734 seconds
[2026-04-30T11:27:09.208+0000] {processor.py:161} INFO - Started process (PID=215) to work on /opt/airflow/dags/sales_dwh_pipeline.py
[2026-04-30T11:27:09.210+0000] {processor.py:830} INFO - Processing file /opt/airflow/dags/sales_dwh_pipeline.py for tasks to queue
[2026-04-30T11:27:09.214+0000] {logging_mixin.py:188} INFO - [2026-04-30T11:27:09.214+0000] {dagbag.py:545} INFO - Filling up the DagBag from /opt/airflow/dags/sales_dwh_pipeline.py
[2026-04-30T11:27:09.264+0000] {processor.py:840} INFO - DAG(s) 'sales_dwh_pipeline' retrieved from /opt/airflow/dags/sales_dwh_pipeline.py
[2026-04-30T11:27:09.333+0000] {logging_mixin.py:188} INFO - [2026-04-30T11:27:09.332+0000] {dag.py:3096} INFO - Sync 1 DAGs
[2026-04-30T11:27:09.411+0000] {processor.py:183} INFO - Processing /opt/airflow/dags/sales_dwh_pipeline.py took 0.216 seconds
[2026-04-30T11:27:40.106+0000] {processor.py:161} INFO - Started process (PID=230) to work on /opt/airflow/dags/sales_dwh_pipeline.py
[2026-04-30T11:27:40.109+0000] {processor.py:830} INFO - Processing file /opt/airflow/dags/sales_dwh_pipeline.py for tasks to queue
[2026-04-30T11:27:40.113+0000] {logging_mixin.py:188} INFO - [2026-04-30T11:27:40.112+0000] {dagbag.py:545} INFO - Filling up the DagBag from /opt/airflow/dags/sales_dwh_pipeline.py
[2026-04-30T11:27:40.163+0000] {processor.py:840} INFO - DAG(s) 'sales_dwh_pipeline' retrieved from /opt/airflow/dags/sales_dwh_pipeline.py
[2026-04-30T11:27:40.225+0000] {logging_mixin.py:188} INFO - [2026-04-30T11:27:40.225+0000] {dag.py:3096} INFO - Sync 1 DAGs
[2026-04-30T11:27:40.339+0000] {processor.py:183} INFO - Processing /opt/airflow/dags/sales_dwh_pipeline.py took 0.250 seconds
[2026-04-30T11:28:10.886+0000] {processor.py:161} INFO - Started process (PID=289) to work on /opt/airflow/dags/sales_dwh_pipeline.py
[2026-04-30T11:28:10.889+0000] {processor.py:830} INFO - Processing file /opt/airflow/dags/sales_dwh_pipeline.py for tasks to queue
[2026-04-30T11:28:10.894+0000] {logging_mixin.py:188} INFO - [2026-04-30T11:28:10.893+0000] {dagbag.py:545} INFO - Filling up the DagBag from /opt/airflow/dags/sales_dwh_pipeline.py
[2026-04-30T11:28:10.953+0000] {processor.py:840} INFO - DAG(s) 'sales_dwh_pipeline' retrieved from /opt/airflow/dags/sales_dwh_pipeline.py
[2026-04-30T11:28:11.020+0000] {logging_mixin.py:188} INFO - [2026-04-30T11:28:11.019+0000] {dag.py:3096} INFO - Sync 1 DAGs
[2026-04-30T11:28:11.114+0000] {processor.py:183} INFO - Processing /opt/airflow/dags/sales_dwh_pipeline.py took 0.247 seconds
[2026-04-30T11:28:41.755+0000] {processor.py:161} INFO - Started process (PID=332) to work on /opt/airflow/dags/sales_dwh_pipeline.py
[2026-04-30T11:28:41.758+0000] {processor.py:830} INFO - Processing file /opt/airflow/dags/sales_dwh_pipeline.py for tasks to queue
[2026-04-30T11:28:41.762+0000] {logging_mixin.py:188} INFO - [2026-04-30T11:28:41.761+0000] {dagbag.py:545} INFO - Filling up the DagBag from /opt/airflow/dags/sales_dwh_pipeline.py
[2026-04-30T11:28:41.807+0000] {processor.py:840} INFO - DAG(s) 'sales_dwh_pipeline' retrieved from /opt/airflow/dags/sales_dwh_pipeline.py
[2026-04-30T11:28:41.868+0000] {logging_mixin.py:188} INFO - [2026-04-30T11:28:41.868+0000] {dag.py:3096} INFO - Sync 1 DAGs
[2026-04-30T11:28:41.961+0000] {processor.py:183} INFO - Processing /opt/airflow/dags/sales_dwh_pipeline.py took 0.219 seconds
[2026-04-30T11:29:12.642+0000] {processor.py:161} INFO - Started process (PID=374) to work on /opt/airflow/dags/sales_dwh_pipeline.py
[2026-04-30T11:29:12.644+0000] {processor.py:830} INFO - Processing file /opt/airflow/dags/sales_dwh_pipeline.py for tasks to queue
[2026-04-30T11:29:12.649+0000] {logging_mixin.py:188} INFO - [2026-04-30T11:29:12.648+0000] {dagbag.py:545} INFO - Filling up the DagBag from /opt/airflow/dags/sales_dwh_pipeline.py
[2026-04-30T11:29:12.700+0000] {processor.py:840} INFO - DAG(s) 'sales_dwh_pipeline' retrieved from /opt/airflow/dags/sales_dwh_pipeline.py
[2026-04-30T11:29:12.760+0000] {logging_mixin.py:188} INFO - [2026-04-30T11:29:12.760+0000] {dag.py:3096} INFO - Sync 1 DAGs
[2026-04-30T11:29:12.842+0000] {processor.py:183} INFO - Processing /opt/airflow/dags/sales_dwh_pipeline.py took 0.212 seconds
[2026-04-30T11:29:43.476+0000] {processor.py:161} INFO - Started process (PID=430) to work on /opt/airflow/dags/sales_dwh_pipeline.py
[2026-04-30T11:29:43.478+0000] {processor.py:830} INFO - Processing file /opt/airflow/dags/sales_dwh_pipeline.py for tasks to queue
[2026-04-30T11:29:43.483+0000] {logging_mixin.py:188} INFO - [2026-04-30T11:29:43.482+0000] {dagbag.py:545} INFO - Filling up the DagBag from /opt/airflow/dags/sales_dwh_pipeline.py
[2026-04-30T11:29:43.529+0000] {processor.py:840} INFO - DAG(s) 'sales_dwh_pipeline' retrieved from /opt/airflow/dags/sales_dwh_pipeline.py
[2026-04-30T11:29:43.588+0000] {logging_mixin.py:188} INFO - [2026-04-30T11:29:43.588+0000] {dag.py:3096} INFO - Sync 1 DAGs
[2026-04-30T11:29:43.687+0000] {processor.py:183} INFO - Processing /opt/airflow/dags/sales_dwh_pipeline.py took 0.226 seconds
[2026-04-30T11:30:14.558+0000] {processor.py:161} INFO - Started process (PID=448) to work on /opt/airflow/dags/sales_dwh_pipeline.py
[2026-04-30T11:30:14.562+0000] {processor.py:830} INFO - Processing file /opt/airflow/dags/sales_dwh_pipeline.py for tasks to queue
[2026-04-30T11:30:14.568+0000] {logging_mixin.py:188} INFO - [2026-04-30T11:30:14.567+0000] {dagbag.py:545} INFO - Filling up the DagBag from /opt/airflow/dags/sales_dwh_pipeline.py
[2026-04-30T11:30:14.620+0000] {processor.py:840} INFO - DAG(s) 'sales_dwh_pipeline' retrieved from /opt/airflow/dags/sales_dwh_pipeline.py
[2026-04-30T11:30:14.703+0000] {logging_mixin.py:188} INFO - [2026-04-30T11:30:14.702+0000] {dag.py:3096} INFO - Sync 1 DAGs
[2026-04-30T11:30:14.815+0000] {processor.py:183} INFO - Processing /opt/airflow/dags/sales_dwh_pipeline.py took 0.273 seconds
[2026-04-30T11:30:45.795+0000] {processor.py:161} INFO - Started process (PID=459) to work on /opt/airflow/dags/sales_dwh_pipeline.py
[2026-04-30T11:30:45.797+0000] {processor.py:830} INFO - Processing file /opt/airflow/dags/sales_dwh_pipeline.py for tasks to queue
[2026-04-30T11:30:45.803+0000] {logging_mixin.py:188} INFO - [2026-04-30T11:30:45.801+0000] {dagbag.py:545} INFO - Filling up the DagBag from /opt/airflow/dags/sales_dwh_pipeline.py
[2026-04-30T11:30:45.851+0000] {processor.py:840} INFO - DAG(s) 'sales_dwh_pipeline' retrieved from /opt/airflow/dags/sales_dwh_pipeline.py
[2026-04-30T11:30:45.918+0000] {logging_mixin.py:188} INFO - [2026-04-30T11:30:45.918+0000] {dag.py:3096} INFO - Sync 1 DAGs
[2026-04-30T11:30:46.013+0000] {processor.py:183} INFO - Processing /opt/airflow/dags/sales_dwh_pipeline.py took 0.232 seconds
[2026-04-30T11:31:16.785+0000] {processor.py:161} INFO - Started process (PID=470) to work on /opt/airflow/dags/sales_dwh_pipeline.py
[2026-04-30T11:31:16.788+0000] {processor.py:830} INFO - Processing file /opt/airflow/dags/sales_dwh_pipeline.py for tasks to queue
[2026-04-30T11:31:16.792+0000] {logging_mixin.py:188} INFO - [2026-04-30T11:31:16.792+0000] {dagbag.py:545} INFO - Filling up the DagBag from /opt/airflow/dags/sales_dwh_pipeline.py
[2026-04-30T11:31:16.838+0000] {processor.py:840} INFO - DAG(s) 'sales_dwh_pipeline' retrieved from /opt/airflow/dags/sales_dwh_pipeline.py
[2026-04-30T11:31:16.902+0000] {logging_mixin.py:188} INFO - [2026-04-30T11:31:16.901+0000] {dag.py:3096} INFO - Sync 1 DAGs
[2026-04-30T11:31:16.980+0000] {processor.py:183} INFO - Processing /opt/airflow/dags/sales_dwh_pipeline.py took 0.207 seconds
[2026-04-30T11:31:47.686+0000] {processor.py:161} INFO - Started process (PID=481) to work on /opt/airflow/dags/sales_dwh_pipeline.py
[2026-04-30T11:31:47.688+0000] {processor.py:830} INFO - Processing file /opt/airflow/dags/sales_dwh_pipeline.py for tasks to queue
[2026-04-30T11:31:47.691+0000] {logging_mixin.py:188} INFO - [2026-04-30T11:31:47.690+0000] {dagbag.py:545} INFO - Filling up the DagBag from /opt/airflow/dags/sales_dwh_pipeline.py
[2026-04-30T11:31:47.738+0000] {processor.py:840} INFO - DAG(s) 'sales_dwh_pipeline' retrieved from /opt/airflow/dags/sales_dwh_pipeline.py
[2026-04-30T11:31:47.794+0000] {logging_mixin.py:188} INFO - [2026-04-30T11:31:47.793+0000] {dag.py:3096} INFO - Sync 1 DAGs
[2026-04-30T11:31:47.890+0000] {processor.py:183} INFO - Processing /opt/airflow/dags/sales_dwh_pipeline.py took 0.217 seconds
[2026-04-30T11:32:18.672+0000] {processor.py:161} INFO - Started process (PID=492) to work on /opt/airflow/dags/sales_dwh_pipeline.py
[2026-04-30T11:32:18.675+0000] {processor.py:830} INFO - Processing file /opt/airflow/dags/sales_dwh_pipeline.py for tasks to queue
[2026-04-30T11:32:18.679+0000] {logging_mixin.py:188} INFO - [2026-04-30T11:32:18.679+0000] {dagbag.py:545} INFO - Filling up the DagBag from /opt/airflow/dags/sales_dwh_pipeline.py
[2026-04-30T11:32:18.725+0000] {processor.py:840} INFO - DAG(s) 'sales_dwh_pipeline' retrieved from /opt/airflow/dags/sales_dwh_pipeline.py
[2026-04-30T11:32:18.785+0000] {logging_mixin.py:188} INFO - [2026-04-30T11:32:18.784+0000] {dag.py:3096} INFO - Sync 1 DAGs
[2026-04-30T11:32:18.886+0000] {processor.py:183} INFO - Processing /opt/airflow/dags/sales_dwh_pipeline.py took 0.225 seconds
[2026-04-30T11:32:49.752+0000] {processor.py:161} INFO - Started process (PID=509) to work on /opt/airflow/dags/sales_dwh_pipeline.py
[2026-04-30T11:32:49.754+0000] {processor.py:830} INFO - Processing file /opt/airflow/dags/sales_dwh_pipeline.py for tasks to queue
[2026-04-30T11:32:49.758+0000] {logging_mixin.py:188} INFO - [2026-04-30T11:32:49.757+0000] {dagbag.py:545} INFO - Filling up the DagBag from /opt/airflow/dags/sales_dwh_pipeline.py
[2026-04-30T11:32:49.803+0000] {processor.py:840} INFO - DAG(s) 'sales_dwh_pipeline' retrieved from /opt/airflow/dags/sales_dwh_pipeline.py
[2026-04-30T11:32:49.856+0000] {logging_mixin.py:188} INFO - [2026-04-30T11:32:49.855+0000] {dag.py:3096} INFO - Sync 1 DAGs
[2026-04-30T11:32:49.948+0000] {processor.py:183} INFO - Processing /opt/airflow/dags/sales_dwh_pipeline.py took 0.209 seconds
[2026-04-30T11:33:20.668+0000] {processor.py:161} INFO - Started process (PID=520) to work on /opt/airflow/dags/sales_dwh_pipeline.py
[2026-04-30T11:33:20.671+0000] {processor.py:830} INFO - Processing file /opt/airflow/dags/sales_dwh_pipeline.py for tasks to queue
[2026-04-30T11:33:20.676+0000] {logging_mixin.py:188} INFO - [2026-04-30T11:33:20.675+0000] {dagbag.py:545} INFO - Filling up the DagBag from /opt/airflow/dags/sales_dwh_pipeline.py
[2026-04-30T11:33:20.740+0000] {processor.py:840} INFO - DAG(s) 'sales_dwh_pipeline' retrieved from /opt/airflow/dags/sales_dwh_pipeline.py
[2026-04-30T11:33:20.853+0000] {logging_mixin.py:188} INFO - [2026-04-30T11:33:20.853+0000] {dag.py:3096} INFO - Sync 1 DAGs
[2026-04-30T11:33:20.943+0000] {processor.py:183} INFO - Processing /opt/airflow/dags/sales_dwh_pipeline.py took 0.291 seconds
[2026-04-30T11:33:51.600+0000] {processor.py:161} INFO - Started process (PID=531) to work on /opt/airflow/dags/sales_dwh_pipeline.py
[2026-04-30T11:33:51.603+0000] {processor.py:830} INFO - Processing file /opt/airflow/dags/sales_dwh_pipeline.py for tasks to queue
[2026-04-30T11:33:51.606+0000] {logging_mixin.py:188} INFO - [2026-04-30T11:33:51.606+0000] {dagbag.py:545} INFO - Filling up the DagBag from /opt/airflow/dags/sales_dwh_pipeline.py
[2026-04-30T11:33:51.653+0000] {processor.py:840} INFO - DAG(s) 'sales_dwh_pipeline' retrieved from /opt/airflow/dags/sales_dwh_pipeline.py
[2026-04-30T11:33:51.718+0000] {logging_mixin.py:188} INFO - [2026-04-30T11:33:51.718+0000] {dag.py:3096} INFO - Sync 1 DAGs
[2026-04-30T11:33:51.804+0000] {processor.py:183} INFO - Processing /opt/airflow/dags/sales_dwh_pipeline.py took 0.217 seconds
[2026-04-30T11:34:22.698+0000] {processor.py:161} INFO - Started process (PID=543) to work on /opt/airflow/dags/sales_dwh_pipeline.py
[2026-04-30T11:34:22.700+0000] {processor.py:830} INFO - Processing file /opt/airflow/dags/sales_dwh_pipeline.py for tasks to queue
[2026-04-30T11:34:22.704+0000] {logging_mixin.py:188} INFO - [2026-04-30T11:34:22.703+0000] {dagbag.py:545} INFO - Filling up the DagBag from /opt/airflow/dags/sales_dwh_pipeline.py
[2026-04-30T11:34:22.745+0000] {processor.py:840} INFO - DAG(s) 'sales_dwh_pipeline' retrieved from /opt/airflow/dags/sales_dwh_pipeline.py
[2026-04-30T11:34:22.800+0000] {logging_mixin.py:188} INFO - [2026-04-30T11:34:22.799+0000] {dag.py:3096} INFO - Sync 1 DAGs
[2026-04-30T11:34:22.873+0000] {processor.py:183} INFO - Processing /opt/airflow/dags/sales_dwh_pipeline.py took 0.185 seconds
[2026-04-30T11:34:53.848+0000] {processor.py:161} INFO - Started process (PID=557) to work on /opt/airflow/dags/sales_dwh_pipeline.py
[2026-04-30T11:34:53.851+0000] {processor.py:830} INFO - Processing file /opt/airflow/dags/sales_dwh_pipeline.py for tasks to queue
[2026-04-30T11:34:53.857+0000] {logging_mixin.py:188} INFO - [2026-04-30T11:34:53.855+0000] {dagbag.py:545} INFO - Filling up the DagBag from /opt/airflow/dags/sales_dwh_pipeline.py
[2026-04-30T11:34:53.914+0000] {processor.py:840} INFO - DAG(s) 'sales_dwh_pipeline' retrieved from /opt/airflow/dags/sales_dwh_pipeline.py
[2026-04-30T11:34:53.983+0000] {logging_mixin.py:188} INFO - [2026-04-30T11:34:53.982+0000] {dag.py:3096} INFO - Sync 1 DAGs
[2026-04-30T11:34:54.079+0000] {processor.py:183} INFO - Processing /opt/airflow/dags/sales_dwh_pipeline.py took 0.244 seconds
[2026-04-30T11:35:25.060+0000] {processor.py:161} INFO - Started process (PID=604) to work on /opt/airflow/dags/sales_dwh_pipeline.py
[2026-04-30T11:35:25.063+0000] {processor.py:830} INFO - Processing file /opt/airflow/dags/sales_dwh_pipeline.py for tasks to queue
[2026-04-30T11:35:25.068+0000] {logging_mixin.py:188} INFO - [2026-04-30T11:35:25.068+0000] {dagbag.py:545} INFO - Filling up the DagBag from /opt/airflow/dags/sales_dwh_pipeline.py
[2026-04-30T11:35:25.122+0000] {processor.py:840} INFO - DAG(s) 'sales_dwh_pipeline' retrieved from /opt/airflow/dags/sales_dwh_pipeline.py
[2026-04-30T11:35:25.185+0000] {logging_mixin.py:188} INFO - [2026-04-30T11:35:25.185+0000] {dag.py:3096} INFO - Sync 1 DAGs
[2026-04-30T11:35:25.291+0000] {processor.py:183} INFO - Processing /opt/airflow/dags/sales_dwh_pipeline.py took 0.245 seconds
[2026-04-30T11:35:55.938+0000] {processor.py:161} INFO - Started process (PID=623) to work on /opt/airflow/dags/sales_dwh_pipeline.py
[2026-04-30T11:35:55.941+0000] {processor.py:830} INFO - Processing file /opt/airflow/dags/sales_dwh_pipeline.py for tasks to queue
[2026-04-30T11:35:55.946+0000] {logging_mixin.py:188} INFO - [2026-04-30T11:35:55.945+0000] {dagbag.py:545} INFO - Filling up the DagBag from /opt/airflow/dags/sales_dwh_pipeline.py
[2026-04-30T11:35:55.991+0000] {processor.py:840} INFO - DAG(s) 'sales_dwh_pipeline' retrieved from /opt/airflow/dags/sales_dwh_pipeline.py
[2026-04-30T11:35:56.053+0000] {logging_mixin.py:188} INFO - [2026-04-30T11:35:56.052+0000] {dag.py:3096} INFO - Sync 1 DAGs
[2026-04-30T11:35:56.137+0000] {processor.py:183} INFO - Processing /opt/airflow/dags/sales_dwh_pipeline.py took 0.212 seconds
[2026-04-30T11:36:26.966+0000] {processor.py:161} INFO - Started process (PID=634) to work on /opt/airflow/dags/sales_dwh_pipeline.py
[2026-04-30T11:36:26.968+0000] {processor.py:830} INFO - Processing file /opt/airflow/dags/sales_dwh_pipeline.py for tasks to queue
[2026-04-30T11:36:26.973+0000] {logging_mixin.py:188} INFO - [2026-04-30T11:36:26.971+0000] {dagbag.py:545} INFO - Filling up the DagBag from /opt/airflow/dags/sales_dwh_pipeline.py
[2026-04-30T11:36:27.014+0000] {processor.py:840} INFO - DAG(s) 'sales_dwh_pipeline' retrieved from /opt/airflow/dags/sales_dwh_pipeline.py
[2026-04-30T11:36:27.063+0000] {logging_mixin.py:188} INFO - [2026-04-30T11:36:27.062+0000] {dag.py:3096} INFO - Sync 1 DAGs
[2026-04-30T11:36:27.104+0000] {logging_mixin.py:188} INFO - [2026-04-30T11:36:27.104+0000] {dag.py:3954} INFO - Setting next_dagrun for sales_dwh_pipeline to 2026-04-30 02:00:00+00:00, run_after=2026-05-01 02:00:00+00:00
[2026-04-30T11:36:27.156+0000] {processor.py:183} INFO - Processing /opt/airflow/dags/sales_dwh_pipeline.py took 0.202 seconds
[2026-04-30T11:36:57.981+0000] {processor.py:161} INFO - Started process (PID=645) to work on /opt/airflow/dags/sales_dwh_pipeline.py
[2026-04-30T11:36:57.983+0000] {processor.py:830} INFO - Processing file /opt/airflow/dags/sales_dwh_pipeline.py for tasks to queue
[2026-04-30T11:36:57.987+0000] {logging_mixin.py:188} INFO - [2026-04-30T11:36:57.987+0000] {dagbag.py:545} INFO - Filling up the DagBag from /opt/airflow/dags/sales_dwh_pipeline.py
[2026-04-30T11:36:58.030+0000] {processor.py:840} INFO - DAG(s) 'sales_dwh_pipeline' retrieved from /opt/airflow/dags/sales_dwh_pipeline.py
[2026-04-30T11:36:58.088+0000] {logging_mixin.py:188} INFO - [2026-04-30T11:36:58.087+0000] {dag.py:3096} INFO - Sync 1 DAGs
[2026-04-30T11:36:58.137+0000] {logging_mixin.py:188} INFO - [2026-04-30T11:36:58.137+0000] {dag.py:3954} INFO - Setting next_dagrun for sales_dwh_pipeline to 2026-04-30 02:00:00+00:00, run_after=2026-05-01 02:00:00+00:00
[2026-04-30T11:36:58.191+0000] {processor.py:183} INFO - Processing /opt/airflow/dags/sales_dwh_pipeline.py took 0.220 seconds
[2026-04-30T11:37:29.094+0000] {processor.py:161} INFO - Started process (PID=656) to work on /opt/airflow/dags/sales_dwh_pipeline.py
[2026-04-30T11:37:29.097+0000] {processor.py:830} INFO - Processing file /opt/airflow/dags/sales_dwh_pipeline.py for tasks to queue
[2026-04-30T11:37:29.100+0000] {logging_mixin.py:188} INFO - [2026-04-30T11:37:29.099+0000] {dagbag.py:545} INFO - Filling up the DagBag from /opt/airflow/dags/sales_dwh_pipeline.py
[2026-04-30T11:37:29.142+0000] {processor.py:840} INFO - DAG(s) 'sales_dwh_pipeline' retrieved from /opt/airflow/dags/sales_dwh_pipeline.py
[2026-04-30T11:37:29.208+0000] {logging_mixin.py:188} INFO - [2026-04-30T11:37:29.207+0000] {dag.py:3096} INFO - Sync 1 DAGs
[2026-04-30T11:37:29.260+0000] {logging_mixin.py:188} INFO - [2026-04-30T11:37:29.260+0000] {dag.py:3954} INFO - Setting next_dagrun for sales_dwh_pipeline to 2026-04-30 02:00:00+00:00, run_after=2026-05-01 02:00:00+00:00
[2026-04-30T11:37:29.316+0000] {processor.py:183} INFO - Processing /opt/airflow/dags/sales_dwh_pipeline.py took 0.231 seconds
[2026-04-30T11:38:00.158+0000] {processor.py:161} INFO - Started process (PID=667) to work on /opt/airflow/dags/sales_dwh_pipeline.py
[2026-04-30T11:38:00.160+0000] {processor.py:830} INFO - Processing file /opt/airflow/dags/sales_dwh_pipeline.py for tasks to queue
[2026-04-30T11:38:00.165+0000] {logging_mixin.py:188} INFO - [2026-04-30T11:38:00.164+0000] {dagbag.py:545} INFO - Filling up the DagBag from /opt/airflow/dags/sales_dwh_pipeline.py
[2026-04-30T11:38:00.212+0000] {processor.py:840} INFO - DAG(s) 'sales_dwh_pipeline' retrieved from /opt/airflow/dags/sales_dwh_pipeline.py
[2026-04-30T11:38:00.270+0000] {logging_mixin.py:188} INFO - [2026-04-30T11:38:00.270+0000] {dag.py:3096} INFO - Sync 1 DAGs
[2026-04-30T11:38:00.320+0000] {logging_mixin.py:188} INFO - [2026-04-30T11:38:00.319+0000] {dag.py:3954} INFO - Setting next_dagrun for sales_dwh_pipeline to 2026-04-30 02:00:00+00:00, run_after=2026-05-01 02:00:00+00:00
[2026-04-30T11:38:00.358+0000] {processor.py:183} INFO - Processing /opt/airflow/dags/sales_dwh_pipeline.py took 0.216 seconds
[2026-04-30T11:38:31.415+0000] {processor.py:161} INFO - Started process (PID=684) to work on /opt/airflow/dags/sales_dwh_pipeline.py
[2026-04-30T11:38:31.417+0000] {processor.py:830} INFO - Processing file /opt/airflow/dags/sales_dwh_pipeline.py for tasks to queue
[2026-04-30T11:38:31.421+0000] {logging_mixin.py:188} INFO - [2026-04-30T11:38:31.420+0000] {dagbag.py:545} INFO - Filling up the DagBag from /opt/airflow/dags/sales_dwh_pipeline.py
[2026-04-30T11:38:31.472+0000] {processor.py:840} INFO - DAG(s) 'sales_dwh_pipeline' retrieved from /opt/airflow/dags/sales_dwh_pipeline.py
[2026-04-30T11:38:31.533+0000] {logging_mixin.py:188} INFO - [2026-04-30T11:38:31.532+0000] {dag.py:3096} INFO - Sync 1 DAGs
[2026-04-30T11:38:31.579+0000] {logging_mixin.py:188} INFO - [2026-04-30T11:38:31.578+0000] {dag.py:3954} INFO - Setting next_dagrun for sales_dwh_pipeline to 2026-04-30 02:00:00+00:00, run_after=2026-05-01 02:00:00+00:00
[2026-04-30T11:38:31.630+0000] {processor.py:183} INFO - Processing /opt/airflow/dags/sales_dwh_pipeline.py took 0.232 seconds
[2026-04-30T11:39:02.194+0000] {processor.py:161} INFO - Started process (PID=695) to work on /opt/airflow/dags/sales_dwh_pipeline.py
[2026-04-30T11:39:02.197+0000] {processor.py:830} INFO - Processing file /opt/airflow/dags/sales_dwh_pipeline.py for tasks to queue
[2026-04-30T11:39:02.203+0000] {logging_mixin.py:188} INFO - [2026-04-30T11:39:02.202+0000] {dagbag.py:545} INFO - Filling up the DagBag from /opt/airflow/dags/sales_dwh_pipeline.py
[2026-04-30T11:39:02.246+0000] {processor.py:840} INFO - DAG(s) 'sales_dwh_pipeline' retrieved from /opt/airflow/dags/sales_dwh_pipeline.py
[2026-04-30T11:39:02.309+0000] {logging_mixin.py:188} INFO - [2026-04-30T11:39:02.309+0000] {dag.py:3096} INFO - Sync 1 DAGs
[2026-04-30T11:39:02.363+0000] {logging_mixin.py:188} INFO - [2026-04-30T11:39:02.363+0000] {dag.py:3954} INFO - Setting next_dagrun for sales_dwh_pipeline to 2026-04-30 02:00:00+00:00, run_after=2026-05-01 02:00:00+00:00
[2026-04-30T11:39:02.402+0000] {processor.py:183} INFO - Processing /opt/airflow/dags/sales_dwh_pipeline.py took 0.222 seconds
[2026-04-30T11:39:33.022+0000] {processor.py:161} INFO - Started process (PID=706) to work on /opt/airflow/dags/sales_dwh_pipeline.py
[2026-04-30T11:39:33.024+0000] {processor.py:830} INFO - Processing file /opt/airflow/dags/sales_dwh_pipeline.py for tasks to queue
[2026-04-30T11:39:33.029+0000] {logging_mixin.py:188} INFO - [2026-04-30T11:39:33.028+0000] {dagbag.py:545} INFO - Filling up the DagBag from /opt/airflow/dags/sales_dwh_pipeline.py
[2026-04-30T11:39:33.080+0000] {processor.py:840} INFO - DAG(s) 'sales_dwh_pipeline' retrieved from /opt/airflow/dags/sales_dwh_pipeline.py
[2026-04-30T11:39:33.139+0000] {logging_mixin.py:188} INFO - [2026-04-30T11:39:33.139+0000] {dag.py:3096} INFO - Sync 1 DAGs
[2026-04-30T11:39:33.189+0000] {logging_mixin.py:188} INFO - [2026-04-30T11:39:33.188+0000] {dag.py:3954} INFO - Setting next_dagrun for sales_dwh_pipeline to 2026-04-30 02:00:00+00:00, run_after=2026-05-01 02:00:00+00:00
[2026-04-30T11:39:33.238+0000] {processor.py:183} INFO - Processing /opt/airflow/dags/sales_dwh_pipeline.py took 0.231 seconds
[2026-04-30T11:40:03.964+0000] {processor.py:161} INFO - Started process (PID=717) to work on /opt/airflow/dags/sales_dwh_pipeline.py
[2026-04-30T11:40:03.966+0000] {processor.py:830} INFO - Processing file /opt/airflow/dags/sales_dwh_pipeline.py for tasks to queue
[2026-04-30T11:40:03.971+0000] {logging_mixin.py:188} INFO - [2026-04-30T11:40:03.970+0000] {dagbag.py:545} INFO - Filling up the DagBag from /opt/airflow/dags/sales_dwh_pipeline.py
[2026-04-30T11:40:04.025+0000] {processor.py:840} INFO - DAG(s) 'sales_dwh_pipeline' retrieved from /opt/airflow/dags/sales_dwh_pipeline.py
[2026-04-30T11:40:04.088+0000] {logging_mixin.py:188} INFO - [2026-04-30T11:40:04.088+0000] {dag.py:3096} INFO - Sync 1 DAGs
[2026-04-30T11:40:04.139+0000] {logging_mixin.py:188} INFO - [2026-04-30T11:40:04.138+0000] {dag.py:3954} INFO - Setting next_dagrun for sales_dwh_pipeline to 2026-04-30 02:00:00+00:00, run_after=2026-05-01 02:00:00+00:00
[2026-04-30T11:40:04.179+0000] {processor.py:183} INFO - Processing /opt/airflow/dags/sales_dwh_pipeline.py took 0.225 seconds
[2026-04-30T11:40:33.332+0000] {processor.py:161} INFO - Started process (PID=728) to work on /opt/airflow/dags/sales_dwh_pipeline.py
[2026-04-30T11:40:33.334+0000] {processor.py:830} INFO - Processing file /opt/airflow/dags/sales_dwh_pipeline.py for tasks to queue
[2026-04-30T11:40:33.339+0000] {logging_mixin.py:188} INFO - [2026-04-30T11:40:33.338+0000] {dagbag.py:545} INFO - Filling up the DagBag from /opt/airflow/dags/sales_dwh_pipeline.py
[2026-04-30T11:40:33.386+0000] {processor.py:840} INFO - DAG(s) 'sales_dwh_pipeline' retrieved from /opt/airflow/dags/sales_dwh_pipeline.py
[2026-04-30T11:40:33.453+0000] {logging_mixin.py:188} INFO - [2026-04-30T11:40:33.452+0000] {dag.py:3096} INFO - Sync 1 DAGs
[2026-04-30T11:40:33.508+0000] {logging_mixin.py:188} INFO - [2026-04-30T11:40:33.508+0000] {dag.py:3954} INFO - Setting next_dagrun for sales_dwh_pipeline to 2026-04-30 02:00:00+00:00, run_after=2026-05-01 02:00:00+00:00
[2026-04-30T11:40:33.562+0000] {processor.py:183} INFO - Processing /opt/airflow/dags/sales_dwh_pipeline.py took 0.247 seconds
[2026-04-30T11:41:04.315+0000] {processor.py:161} INFO - Started process (PID=739) to work on /opt/airflow/dags/sales_dwh_pipeline.py
[2026-04-30T11:41:04.317+0000] {processor.py:830} INFO - Processing file /opt/airflow/dags/sales_dwh_pipeline.py for tasks to queue
[2026-04-30T11:41:04.323+0000] {logging_mixin.py:188} INFO - [2026-04-30T11:41:04.322+0000] {dagbag.py:545} INFO - Filling up the DagBag from /opt/airflow/dags/sales_dwh_pipeline.py
[2026-04-30T11:41:04.375+0000] {processor.py:840} INFO - DAG(s) 'sales_dwh_pipeline' retrieved from /opt/airflow/dags/sales_dwh_pipeline.py
[2026-04-30T11:41:04.454+0000] {logging_mixin.py:188} INFO - [2026-04-30T11:41:04.453+0000] {dag.py:3096} INFO - Sync 1 DAGs
[2026-04-30T11:41:04.502+0000] {logging_mixin.py:188} INFO - [2026-04-30T11:41:04.502+0000] {dag.py:3954} INFO - Setting next_dagrun for sales_dwh_pipeline to 2026-04-30 02:00:00+00:00, run_after=2026-05-01 02:00:00+00:00
[2026-04-30T11:41:04.557+0000] {processor.py:183} INFO - Processing /opt/airflow/dags/sales_dwh_pipeline.py took 0.257 seconds
[2026-04-30T11:41:35.137+0000] {processor.py:161} INFO - Started process (PID=750) to work on /opt/airflow/dags/sales_dwh_pipeline.py
[2026-04-30T11:41:35.139+0000] {processor.py:830} INFO - Processing file /opt/airflow/dags/sales_dwh_pipeline.py for tasks to queue
[2026-04-30T11:41:35.145+0000] {logging_mixin.py:188} INFO - [2026-04-30T11:41:35.144+0000] {dagbag.py:545} INFO - Filling up the DagBag from /opt/airflow/dags/sales_dwh_pipeline.py
[2026-04-30T11:41:35.193+0000] {processor.py:840} INFO - DAG(s) 'sales_dwh_pipeline' retrieved from /opt/airflow/dags/sales_dwh_pipeline.py
[2026-04-30T11:41:35.263+0000] {logging_mixin.py:188} INFO - [2026-04-30T11:41:35.263+0000] {dag.py:3096} INFO - Sync 1 DAGs
[2026-04-30T11:41:35.319+0000] {logging_mixin.py:188} INFO - [2026-04-30T11:41:35.318+0000] {dag.py:3954} INFO - Setting next_dagrun for sales_dwh_pipeline to 2026-04-30 02:00:00+00:00, run_after=2026-05-01 02:00:00+00:00
[2026-04-30T11:41:35.377+0000] {processor.py:183} INFO - Processing /opt/airflow/dags/sales_dwh_pipeline.py took 0.254 seconds
[2026-04-30T11:42:48.153+0000] {processor.py:161} INFO - Started process (PID=198) to work on /opt/airflow/dags/sales_dwh_pipeline.py
[2026-04-30T11:42:48.156+0000] {processor.py:830} INFO - Processing file /opt/airflow/dags/sales_dwh_pipeline.py for tasks to queue
[2026-04-30T11:42:48.160+0000] {logging_mixin.py:188} INFO - [2026-04-30T11:42:48.159+0000] {dagbag.py:545} INFO - Filling up the DagBag from /opt/airflow/dags/sales_dwh_pipeline.py
[2026-04-30T11:42:48.228+0000] {processor.py:840} INFO - DAG(s) 'sales_dwh_pipeline' retrieved from /opt/airflow/dags/sales_dwh_pipeline.py
[2026-04-30T11:42:48.752+0000] {logging_mixin.py:188} INFO - [2026-04-30T11:42:48.751+0000] {dag.py:3096} INFO - Sync 1 DAGs
[2026-04-30T11:42:48.822+0000] {logging_mixin.py:188} INFO - [2026-04-30T11:42:48.822+0000] {dag.py:3954} INFO - Setting next_dagrun for sales_dwh_pipeline to 2026-04-30 02:00:00+00:00, run_after=2026-05-01 02:00:00+00:00
[2026-04-30T11:42:48.864+0000] {processor.py:183} INFO - Processing /opt/airflow/dags/sales_dwh_pipeline.py took 0.722 seconds
[2026-04-30T11:43:19.701+0000] {processor.py:161} INFO - Started process (PID=215) to work on /opt/airflow/dags/sales_dwh_pipeline.py
[2026-04-30T11:43:19.704+0000] {processor.py:830} INFO - Processing file /opt/airflow/dags/sales_dwh_pipeline.py for tasks to queue
[2026-04-30T11:43:19.709+0000] {logging_mixin.py:188} INFO - [2026-04-30T11:43:19.708+0000] {dagbag.py:545} INFO - Filling up the DagBag from /opt/airflow/dags/sales_dwh_pipeline.py
[2026-04-30T11:43:19.757+0000] {processor.py:840} INFO - DAG(s) 'sales_dwh_pipeline' retrieved from /opt/airflow/dags/sales_dwh_pipeline.py
[2026-04-30T11:43:19.783+0000] {logging_mixin.py:188} INFO - [2026-04-30T11:43:19.782+0000] {dag.py:3096} INFO - Sync 1 DAGs
[2026-04-30T11:43:19.833+0000] {logging_mixin.py:188} INFO - [2026-04-30T11:43:19.832+0000] {dag.py:3954} INFO - Setting next_dagrun for sales_dwh_pipeline to 2026-04-30 02:00:00+00:00, run_after=2026-05-01 02:00:00+00:00
[2026-04-30T11:43:19.870+0000] {processor.py:183} INFO - Processing /opt/airflow/dags/sales_dwh_pipeline.py took 0.182 seconds
[2026-04-30T11:43:50.703+0000] {processor.py:161} INFO - Started process (PID=231) to work on /opt/airflow/dags/sales_dwh_pipeline.py
[2026-04-30T11:43:50.706+0000] {processor.py:830} INFO - Processing file /opt/airflow/dags/sales_dwh_pipeline.py for tasks to queue
[2026-04-30T11:43:50.710+0000] {logging_mixin.py:188} INFO - [2026-04-30T11:43:50.709+0000] {dagbag.py:545} INFO - Filling up the DagBag from /opt/airflow/dags/sales_dwh_pipeline.py
[2026-04-30T11:43:50.764+0000] {processor.py:840} INFO - DAG(s) 'sales_dwh_pipeline' retrieved from /opt/airflow/dags/sales_dwh_pipeline.py
[2026-04-30T11:43:51.065+0000] {logging_mixin.py:188} INFO - [2026-04-30T11:43:51.065+0000] {dag.py:3096} INFO - Sync 1 DAGs
[2026-04-30T11:43:51.155+0000] {processor.py:183} INFO - Processing /opt/airflow/dags/sales_dwh_pipeline.py took 0.467 seconds
[2026-04-30T11:44:23.136+0000] {processor.py:161} INFO - Started process (PID=273) to work on /opt/airflow/dags/sales_dwh_pipeline.py
[2026-04-30T11:44:23.138+0000] {processor.py:830} INFO - Processing file /opt/airflow/dags/sales_dwh_pipeline.py for tasks to queue
[2026-04-30T11:44:23.144+0000] {logging_mixin.py:188} INFO - [2026-04-30T11:44:23.143+0000] {dagbag.py:545} INFO - Filling up the DagBag from /opt/airflow/dags/sales_dwh_pipeline.py
[2026-04-30T11:44:23.201+0000] {processor.py:840} INFO - DAG(s) 'sales_dwh_pipeline' retrieved from /opt/airflow/dags/sales_dwh_pipeline.py
[2026-04-30T11:44:23.268+0000] {logging_mixin.py:188} INFO - [2026-04-30T11:44:23.268+0000] {dag.py:3096} INFO - Sync 1 DAGs
[2026-04-30T11:44:23.360+0000] {processor.py:183} INFO - Processing /opt/airflow/dags/sales_dwh_pipeline.py took 0.238 seconds
[2026-04-30T11:44:54.250+0000] {processor.py:161} INFO - Started process (PID=284) to work on /opt/airflow/dags/sales_dwh_pipeline.py
[2026-04-30T11:44:54.252+0000] {processor.py:830} INFO - Processing file /opt/airflow/dags/sales_dwh_pipeline.py for tasks to queue
[2026-04-30T11:44:54.255+0000] {logging_mixin.py:188} INFO - [2026-04-30T11:44:54.254+0000] {dagbag.py:545} INFO - Filling up the DagBag from /opt/airflow/dags/sales_dwh_pipeline.py
[2026-04-30T11:44:54.298+0000] {processor.py:840} INFO - DAG(s) 'sales_dwh_pipeline' retrieved from /opt/airflow/dags/sales_dwh_pipeline.py
[2026-04-30T11:44:54.364+0000] {logging_mixin.py:188} INFO - [2026-04-30T11:44:54.364+0000] {dag.py:3096} INFO - Sync 1 DAGs
[2026-04-30T11:44:54.517+0000] {processor.py:183} INFO - Processing /opt/airflow/dags/sales_dwh_pipeline.py took 0.281 seconds
[2026-04-30T11:45:25.333+0000] {processor.py:161} INFO - Started process (PID=295) to work on /opt/airflow/dags/sales_dwh_pipeline.py
[2026-04-30T11:45:25.335+0000] {processor.py:830} INFO - Processing file /opt/airflow/dags/sales_dwh_pipeline.py for tasks to queue
[2026-04-30T11:45:25.338+0000] {logging_mixin.py:188} INFO - [2026-04-30T11:45:25.337+0000] {dagbag.py:545} INFO - Filling up the DagBag from /opt/airflow/dags/sales_dwh_pipeline.py
[2026-04-30T11:45:25.379+0000] {processor.py:840} INFO - DAG(s) 'sales_dwh_pipeline' retrieved from /opt/airflow/dags/sales_dwh_pipeline.py
[2026-04-30T11:45:25.430+0000] {logging_mixin.py:188} INFO - [2026-04-30T11:45:25.430+0000] {dag.py:3096} INFO - Sync 1 DAGs
[2026-04-30T11:45:25.506+0000] {processor.py:183} INFO - Processing /opt/airflow/dags/sales_dwh_pipeline.py took 0.183 seconds
[2026-04-30T11:45:56.389+0000] {processor.py:161} INFO - Started process (PID=306) to work on /opt/airflow/dags/sales_dwh_pipeline.py
[2026-04-30T11:45:56.391+0000] {processor.py:830} INFO - Processing file /opt/airflow/dags/sales_dwh_pipeline.py for tasks to queue
[2026-04-30T11:45:56.394+0000] {logging_mixin.py:188} INFO - [2026-04-30T11:45:56.394+0000] {dagbag.py:545} INFO - Filling up the DagBag from /opt/airflow/dags/sales_dwh_pipeline.py
[2026-04-30T11:45:56.442+0000] {processor.py:840} INFO - DAG(s) 'sales_dwh_pipeline' retrieved from /opt/airflow/dags/sales_dwh_pipeline.py
[2026-04-30T11:45:56.503+0000] {logging_mixin.py:188} INFO - [2026-04-30T11:45:56.503+0000] {dag.py:3096} INFO - Sync 1 DAGs
[2026-04-30T11:45:56.605+0000] {processor.py:183} INFO - Processing /opt/airflow/dags/sales_dwh_pipeline.py took 0.229 seconds
[2026-04-30T11:46:27.263+0000] {processor.py:161} INFO - Started process (PID=317) to work on /opt/airflow/dags/sales_dwh_pipeline.py
[2026-04-30T11:46:27.265+0000] {processor.py:830} INFO - Processing file /opt/airflow/dags/sales_dwh_pipeline.py for tasks to queue
[2026-04-30T11:46:27.268+0000] {logging_mixin.py:188} INFO - [2026-04-30T11:46:27.267+0000] {dagbag.py:545} INFO - Filling up the DagBag from /opt/airflow/dags/sales_dwh_pipeline.py
[2026-04-30T11:46:27.306+0000] {processor.py:840} INFO - DAG(s) 'sales_dwh_pipeline' retrieved from /opt/airflow/dags/sales_dwh_pipeline.py
[2026-04-30T11:46:27.356+0000] {logging_mixin.py:188} INFO - [2026-04-30T11:46:27.356+0000] {dag.py:3096} INFO - Sync 1 DAGs
[2026-04-30T11:46:27.447+0000] {processor.py:183} INFO - Processing /opt/airflow/dags/sales_dwh_pipeline.py took 0.195 seconds
[2026-04-30T11:46:58.241+0000] {processor.py:161} INFO - Started process (PID=329) to work on /opt/airflow/dags/sales_dwh_pipeline.py
[2026-04-30T11:46:58.245+0000] {processor.py:830} INFO - Processing file /opt/airflow/dags/sales_dwh_pipeline.py for tasks to queue
[2026-04-30T11:46:58.249+0000] {logging_mixin.py:188} INFO - [2026-04-30T11:46:58.248+0000] {dagbag.py:545} INFO - Filling up the DagBag from /opt/airflow/dags/sales_dwh_pipeline.py
[2026-04-30T11:46:58.310+0000] {processor.py:840} INFO - DAG(s) 'sales_dwh_pipeline' retrieved from /opt/airflow/dags/sales_dwh_pipeline.py
[2026-04-30T11:46:58.366+0000] {logging_mixin.py:188} INFO - [2026-04-30T11:46:58.365+0000] {dag.py:3096} INFO - Sync 1 DAGs
[2026-04-30T11:46:58.462+0000] {processor.py:183} INFO - Processing /opt/airflow/dags/sales_dwh_pipeline.py took 0.233 seconds
[2026-04-30T11:47:29.419+0000] {processor.py:161} INFO - Started process (PID=341) to work on /opt/airflow/dags/sales_dwh_pipeline.py
[2026-04-30T11:47:29.422+0000] {processor.py:830} INFO - Processing file /opt/airflow/dags/sales_dwh_pipeline.py for tasks to queue
[2026-04-30T11:47:29.427+0000] {logging_mixin.py:188} INFO - [2026-04-30T11:47:29.426+0000] {dagbag.py:545} INFO - Filling up the DagBag from /opt/airflow/dags/sales_dwh_pipeline.py
[2026-04-30T11:47:29.476+0000] {processor.py:840} INFO - DAG(s) 'sales_dwh_pipeline' retrieved from /opt/airflow/dags/sales_dwh_pipeline.py
[2026-04-30T11:47:29.531+0000] {logging_mixin.py:188} INFO - [2026-04-30T11:47:29.530+0000] {dag.py:3096} INFO - Sync 1 DAGs
[2026-04-30T11:47:29.613+0000] {processor.py:183} INFO - Processing /opt/airflow/dags/sales_dwh_pipeline.py took 0.211 seconds
[2026-04-30T11:47:59.397+0000] {processor.py:161} INFO - Started process (PID=352) to work on /opt/airflow/dags/sales_dwh_pipeline.py
[2026-04-30T11:47:59.399+0000] {processor.py:830} INFO - Processing file /opt/airflow/dags/sales_dwh_pipeline.py for tasks to queue
[2026-04-30T11:47:59.405+0000] {logging_mixin.py:188} INFO - [2026-04-30T11:47:59.404+0000] {dagbag.py:545} INFO - Filling up the DagBag from /opt/airflow/dags/sales_dwh_pipeline.py
[2026-04-30T11:47:59.518+0000] {processor.py:840} INFO - DAG(s) 'sales_dwh_pipeline' retrieved from /opt/airflow/dags/sales_dwh_pipeline.py
[2026-04-30T11:47:59.799+0000] {logging_mixin.py:188} INFO - [2026-04-30T11:47:59.799+0000] {dag.py:3096} INFO - Sync 1 DAGs
[2026-04-30T11:47:59.903+0000] {processor.py:183} INFO - Processing /opt/airflow/dags/sales_dwh_pipeline.py took 0.520 seconds
[2026-04-30T11:48:04.530+0000] {processor.py:161} INFO - Started process (PID=366) to work on /opt/airflow/dags/sales_dwh_pipeline.py
[2026-04-30T11:48:04.532+0000] {processor.py:830} INFO - Processing file /opt/airflow/dags/sales_dwh_pipeline.py for tasks to queue
[2026-04-30T11:48:04.535+0000] {logging_mixin.py:188} INFO - [2026-04-30T11:48:04.535+0000] {dagbag.py:545} INFO - Filling up the DagBag from /opt/airflow/dags/sales_dwh_pipeline.py
[2026-04-30T11:48:04.563+0000] {logging_mixin.py:188} INFO - [2026-04-30T11:48:04.561+0000] {dagbag.py:355} ERROR - Failed to import: /opt/airflow/dags/sales_dwh_pipeline.py
Traceback (most recent call last):
  File "/home/airflow/.local/lib/python3.12/site-packages/airflow/models/dagbag.py", line 351, in parse
    loader.exec_module(new_module)
  File "<frozen importlib._bootstrap_external>", line 991, in exec_module
  File "<frozen importlib._bootstrap_external>", line 1129, in get_code
  File "<frozen importlib._bootstrap_external>", line 1059, in source_to_code
  File "<frozen importlib._bootstrap>", line 488, in _call_with_frames_removed
  File "/opt/airflow/dags/sales_dwh_pipeline.py", line 103
    load_bronze → validate_bronze → dbt_deps → dbt_run_silver → dbt_run_gold → dbt_tests
                ^
SyntaxError: invalid character '→' (U+2192)
[2026-04-30T11:48:04.565+0000] {processor.py:842} WARNING - No viable dags retrieved from /opt/airflow/dags/sales_dwh_pipeline.py
[2026-04-30T11:48:04.608+0000] {processor.py:183} INFO - Processing /opt/airflow/dags/sales_dwh_pipeline.py took 0.091 seconds
[2026-04-30T11:48:30.432+0000] {processor.py:161} INFO - Started process (PID=377) to work on /opt/airflow/dags/sales_dwh_pipeline.py
[2026-04-30T11:48:30.435+0000] {processor.py:830} INFO - Processing file /opt/airflow/dags/sales_dwh_pipeline.py for tasks to queue
[2026-04-30T11:48:30.438+0000] {logging_mixin.py:188} INFO - [2026-04-30T11:48:30.437+0000] {dagbag.py:545} INFO - Filling up the DagBag from /opt/airflow/dags/sales_dwh_pipeline.py
[2026-04-30T11:48:30.470+0000] {logging_mixin.py:188} INFO - [2026-04-30T11:48:30.468+0000] {dagbag.py:355} ERROR - Failed to import: /opt/airflow/dags/sales_dwh_pipeline.py
Traceback (most recent call last):
  File "/home/airflow/.local/lib/python3.12/site-packages/airflow/models/dagbag.py", line 351, in parse
    loader.exec_module(new_module)
  File "<frozen importlib._bootstrap_external>", line 991, in exec_module
  File "<frozen importlib._bootstrap_external>", line 1129, in get_code
  File "<frozen importlib._bootstrap_external>", line 1059, in source_to_code
  File "<frozen importlib._bootstrap>", line 488, in _call_with_frames_removed
  File "/opt/airflow/dags/sales_dwh_pipeline.py", line 103
    load_bronze → valid
                ^
SyntaxError: invalid character '→' (U+2192)
[2026-04-30T11:48:30.471+0000] {processor.py:842} WARNING - No viable dags retrieved from /opt/airflow/dags/sales_dwh_pipeline.py
[2026-04-30T11:48:30.511+0000] {processor.py:183} INFO - Processing /opt/airflow/dags/sales_dwh_pipeline.py took 0.088 seconds
[2026-04-30T11:48:32.519+0000] {processor.py:161} INFO - Started process (PID=382) to work on /opt/airflow/dags/sales_dwh_pipeline.py
[2026-04-30T11:48:32.522+0000] {processor.py:830} INFO - Processing file /opt/airflow/dags/sales_dwh_pipeline.py for tasks to queue
[2026-04-30T11:48:32.526+0000] {logging_mixin.py:188} INFO - [2026-04-30T11:48:32.525+0000] {dagbag.py:545} INFO - Filling up the DagBag from /opt/airflow/dags/sales_dwh_pipeline.py
[2026-04-30T11:48:32.557+0000] {logging_mixin.py:188} INFO - [2026-04-30T11:48:32.555+0000] {dagbag.py:355} ERROR - Failed to import: /opt/airflow/dags/sales_dwh_pipeline.py
Traceback (most recent call last):
  File "/home/airflow/.local/lib/python3.12/site-packages/airflow/models/dagbag.py", line 351, in parse
    loader.exec_module(new_module)
  File "<frozen importlib._bootstrap_external>", line 991, in exec_module
  File "<frozen importlib._bootstrap_external>", line 1129, in get_code
  File "<frozen importlib._bootstrap_external>", line 1059, in source_to_code
  File "<frozen importlib._bootstrap>", line 488, in _call_with_frames_removed
  File "/opt/airflow/dags/sales_dwh_pipeline.py", line 103
    load_bronze → validate_bronze → dbt_deps → dbt_run_silver → dbt_run_gold → dbt_tests
                ^
SyntaxError: invalid character '→' (U+2192)
[2026-04-30T11:48:32.559+0000] {processor.py:842} WARNING - No viable dags retrieved from /opt/airflow/dags/sales_dwh_pipeline.py
[2026-04-30T11:48:32.597+0000] {processor.py:183} INFO - Processing /opt/airflow/dags/sales_dwh_pipeline.py took 0.089 seconds
[2026-04-30T11:48:48.260+0000] {processor.py:161} INFO - Started process (PID=387) to work on /opt/airflow/dags/sales_dwh_pipeline.py
[2026-04-30T11:48:48.262+0000] {processor.py:830} INFO - Processing file /opt/airflow/dags/sales_dwh_pipeline.py for tasks to queue
[2026-04-30T11:48:48.265+0000] {logging_mixin.py:188} INFO - [2026-04-30T11:48:48.265+0000] {dagbag.py:545} INFO - Filling up the DagBag from /opt/airflow/dags/sales_dwh_pipeline.py
[2026-04-30T11:48:48.296+0000] {logging_mixin.py:188} INFO - [2026-04-30T11:48:48.294+0000] {dagbag.py:355} ERROR - Failed to import: /opt/airflow/dags/sales_dwh_pipeline.py
Traceback (most recent call last):
  File "/home/airflow/.local/lib/python3.12/site-packages/airflow/models/dagbag.py", line 351, in parse
    loader.exec_module(new_module)
  File "<frozen importlib._bootstrap_external>", line 991, in exec_module
  File "<frozen importlib._bootstrap_external>", line 1129, in get_code
  File "<frozen importlib._bootstrap_external>", line 1059, in source_to_code
  File "<frozen importlib._bootstrap>", line 488, in _call_with_frames_removed
  File "/opt/airflow/dags/sales_dwh_pipeline.py", line 103
    load_bronze → validate_bronze → dbt_deps → dbt_run_silver → dbt_run_gold → dbt_tests
                                                                                        ^
IndentationError: unindent does not match any outer indentation level
[2026-04-30T11:48:48.297+0000] {processor.py:842} WARNING - No viable dags retrieved from /opt/airflow/dags/sales_dwh_pipeline.py
[2026-04-30T11:48:48.336+0000] {processor.py:183} INFO - Processing /opt/airflow/dags/sales_dwh_pipeline.py took 0.087 seconds
[2026-04-30T11:48:49.445+0000] {processor.py:161} INFO - Started process (PID=392) to work on /opt/airflow/dags/sales_dwh_pipeline.py
[2026-04-30T11:48:49.448+0000] {processor.py:830} INFO - Processing file /opt/airflow/dags/sales_dwh_pipeline.py for tasks to queue
[2026-04-30T11:48:49.452+0000] {logging_mixin.py:188} INFO - [2026-04-30T11:48:49.452+0000] {dagbag.py:545} INFO - Filling up the DagBag from /opt/airflow/dags/sales_dwh_pipeline.py
[2026-04-30T11:48:49.487+0000] {logging_mixin.py:188} INFO - [2026-04-30T11:48:49.485+0000] {dagbag.py:355} ERROR - Failed to import: /opt/airflow/dags/sales_dwh_pipeline.py
Traceback (most recent call last):
  File "/home/airflow/.local/lib/python3.12/site-packages/airflow/models/dagbag.py", line 351, in parse
    loader.exec_module(new_module)
  File "<frozen importlib._bootstrap_external>", line 991, in exec_module
  File "<frozen importlib._bootstrap_external>", line 1129, in get_code
  File "<frozen importlib._bootstrap_external>", line 1059, in source_to_code
  File "<frozen importlib._bootstrap>", line 488, in _call_with_frames_removed
  File "/opt/airflow/dags/sales_dwh_pipeline.py", line 103
    load_bronze → validate_bronze → dbt_deps → dbt_run_silver → dbt_run_gold → dbt_tests
                ^
SyntaxError: invalid character '→' (U+2192)
[2026-04-30T11:48:49.489+0000] {processor.py:842} WARNING - No viable dags retrieved from /opt/airflow/dags/sales_dwh_pipeline.py
[2026-04-30T11:48:49.555+0000] {processor.py:183} INFO - Processing /opt/airflow/dags/sales_dwh_pipeline.py took 0.124 seconds
[2026-04-30T11:49:02.761+0000] {processor.py:161} INFO - Started process (PID=403) to work on /opt/airflow/dags/sales_dwh_pipeline.py
[2026-04-30T11:49:02.763+0000] {processor.py:830} INFO - Processing file /opt/airflow/dags/sales_dwh_pipeline.py for tasks to queue
[2026-04-30T11:49:02.767+0000] {logging_mixin.py:188} INFO - [2026-04-30T11:49:02.767+0000] {dagbag.py:545} INFO - Filling up the DagBag from /opt/airflow/dags/sales_dwh_pipeline.py
[2026-04-30T11:49:02.801+0000] {logging_mixin.py:188} INFO - [2026-04-30T11:49:02.799+0000] {dagbag.py:355} ERROR - Failed to import: /opt/airflow/dags/sales_dwh_pipeline.py
Traceback (most recent call last):
  File "/home/airflow/.local/lib/python3.12/site-packages/airflow/models/dagbag.py", line 351, in parse
    loader.exec_module(new_module)
  File "<frozen importlib._bootstrap_external>", line 991, in exec_module
  File "<frozen importlib._bootstrap_external>", line 1129, in get_code
  File "<frozen importlib._bootstrap_external>", line 1059, in source_to_code
  File "<frozen importlib._bootstrap>", line 488, in _call_with_frames_removed
  File "/opt/airflow/dags/sales_dwh_pipeline.py", line 103
    load_bronze → validate_bronze → dbt_deps → dbt_run_silver → dbt_run_gold → dbt_tests
                                                                                        ^
IndentationError: unindent does not match any outer indentation level
[2026-04-30T11:49:02.802+0000] {processor.py:842} WARNING - No viable dags retrieved from /opt/airflow/dags/sales_dwh_pipeline.py
[2026-04-30T11:49:02.860+0000] {processor.py:183} INFO - Processing /opt/airflow/dags/sales_dwh_pipeline.py took 0.113 seconds
[2026-04-30T11:49:05.115+0000] {processor.py:161} INFO - Started process (PID=408) to work on /opt/airflow/dags/sales_dwh_pipeline.py
[2026-04-30T11:49:05.118+0000] {processor.py:830} INFO - Processing file /opt/airflow/dags/sales_dwh_pipeline.py for tasks to queue
[2026-04-30T11:49:05.122+0000] {logging_mixin.py:188} INFO - [2026-04-30T11:49:05.121+0000] {dagbag.py:545} INFO - Filling up the DagBag from /opt/airflow/dags/sales_dwh_pipeline.py
[2026-04-30T11:49:05.186+0000] {processor.py:840} INFO - DAG(s) 'sales_dwh_pipeline' retrieved from /opt/airflow/dags/sales_dwh_pipeline.py
[2026-04-30T11:49:05.269+0000] {logging_mixin.py:188} INFO - [2026-04-30T11:49:05.268+0000] {dag.py:3096} INFO - Sync 1 DAGs
[2026-04-30T11:49:05.400+0000] {processor.py:183} INFO - Processing /opt/airflow/dags/sales_dwh_pipeline.py took 0.317 seconds
[2026-04-30T11:49:05.497+0000] {processor.py:161} INFO - Started process (PID=413) to work on /opt/airflow/dags/sales_dwh_pipeline.py
[2026-04-30T11:49:05.499+0000] {processor.py:830} INFO - Processing file /opt/airflow/dags/sales_dwh_pipeline.py for tasks to queue
[2026-04-30T11:49:05.503+0000] {logging_mixin.py:188} INFO - [2026-04-30T11:49:05.502+0000] {dagbag.py:545} INFO - Filling up the DagBag from /opt/airflow/dags/sales_dwh_pipeline.py
[2026-04-30T11:49:05.548+0000] {processor.py:840} INFO - DAG(s) 'sales_dwh_pipeline' retrieved from /opt/airflow/dags/sales_dwh_pipeline.py
[2026-04-30T11:49:05.601+0000] {logging_mixin.py:188} INFO - [2026-04-30T11:49:05.601+0000] {dag.py:3096} INFO - Sync 1 DAGs
[2026-04-30T11:49:05.698+0000] {processor.py:183} INFO - Processing /opt/airflow/dags/sales_dwh_pipeline.py took 0.216 seconds
[2026-04-30T11:49:08.620+0000] {processor.py:161} INFO - Started process (PID=418) to work on /opt/airflow/dags/sales_dwh_pipeline.py
[2026-04-30T11:49:08.623+0000] {processor.py:830} INFO - Processing file /opt/airflow/dags/sales_dwh_pipeline.py for tasks to queue
[2026-04-30T11:49:08.638+0000] {logging_mixin.py:188} INFO - [2026-04-30T11:49:08.637+0000] {dagbag.py:545} INFO - Filling up the DagBag from /opt/airflow/dags/sales_dwh_pipeline.py
[2026-04-30T11:49:08.771+0000] {processor.py:840} INFO - DAG(s) 'sales_dwh_pipeline' retrieved from /opt/airflow/dags/sales_dwh_pipeline.py
[2026-04-30T11:49:09.008+0000] {logging_mixin.py:188} INFO - [2026-04-30T11:49:09.008+0000] {dag.py:3096} INFO - Sync 1 DAGs
[2026-04-30T11:49:09.103+0000] {processor.py:183} INFO - Processing /opt/airflow/dags/sales_dwh_pipeline.py took 0.508 seconds
[2026-04-30T11:49:39.771+0000] {processor.py:161} INFO - Started process (PID=429) to work on /opt/airflow/dags/sales_dwh_pipeline.py
[2026-04-30T11:49:39.774+0000] {processor.py:830} INFO - Processing file /opt/airflow/dags/sales_dwh_pipeline.py for tasks to queue
[2026-04-30T11:49:39.778+0000] {logging_mixin.py:188} INFO - [2026-04-30T11:49:39.778+0000] {dagbag.py:545} INFO - Filling up the DagBag from /opt/airflow/dags/sales_dwh_pipeline.py
[2026-04-30T11:49:39.830+0000] {processor.py:840} INFO - DAG(s) 'sales_dwh_pipeline' retrieved from /opt/airflow/dags/sales_dwh_pipeline.py
[2026-04-30T11:49:39.891+0000] {logging_mixin.py:188} INFO - [2026-04-30T11:49:39.890+0000] {dag.py:3096} INFO - Sync 1 DAGs
[2026-04-30T11:49:39.984+0000] {processor.py:183} INFO - Processing /opt/airflow/dags/sales_dwh_pipeline.py took 0.228 seconds
[2026-04-30T11:49:50.019+0000] {processor.py:161} INFO - Started process (PID=434) to work on /opt/airflow/dags/sales_dwh_pipeline.py
[2026-04-30T11:49:50.022+0000] {processor.py:830} INFO - Processing file /opt/airflow/dags/sales_dwh_pipeline.py for tasks to queue
[2026-04-30T11:49:50.026+0000] {logging_mixin.py:188} INFO - [2026-04-30T11:49:50.025+0000] {dagbag.py:545} INFO - Filling up the DagBag from /opt/airflow/dags/sales_dwh_pipeline.py
[2026-04-30T11:49:50.088+0000] {processor.py:840} INFO - DAG(s) 'sales_dwh_pipeline' retrieved from /opt/airflow/dags/sales_dwh_pipeline.py
[2026-04-30T11:49:50.321+0000] {logging_mixin.py:188} INFO - [2026-04-30T11:49:50.321+0000] {dag.py:3096} INFO - Sync 1 DAGs
[2026-04-30T11:49:50.426+0000] {processor.py:183} INFO - Processing /opt/airflow/dags/sales_dwh_pipeline.py took 0.420 seconds
[2026-04-30T11:51:04.511+0000] {processor.py:161} INFO - Started process (PID=197) to work on /opt/airflow/dags/sales_dwh_pipeline.py
[2026-04-30T11:51:04.513+0000] {processor.py:830} INFO - Processing file /opt/airflow/dags/sales_dwh_pipeline.py for tasks to queue
[2026-04-30T11:51:04.517+0000] {logging_mixin.py:188} INFO - [2026-04-30T11:51:04.517+0000] {dagbag.py:545} INFO - Filling up the DagBag from /opt/airflow/dags/sales_dwh_pipeline.py
[2026-04-30T11:51:04.563+0000] {processor.py:840} INFO - DAG(s) 'sales_dwh_pipeline' retrieved from /opt/airflow/dags/sales_dwh_pipeline.py
[2026-04-30T11:51:05.083+0000] {logging_mixin.py:188} INFO - [2026-04-30T11:51:05.082+0000] {dag.py:3096} INFO - Sync 1 DAGs
[2026-04-30T11:51:05.176+0000] {processor.py:183} INFO - Processing /opt/airflow/dags/sales_dwh_pipeline.py took 0.677 seconds
[2026-04-30T11:51:36.066+0000] {processor.py:161} INFO - Started process (PID=215) to work on /opt/airflow/dags/sales_dwh_pipeline.py
[2026-04-30T11:51:36.071+0000] {processor.py:830} INFO - Processing file /opt/airflow/dags/sales_dwh_pipeline.py for tasks to queue
[2026-04-30T11:51:36.083+0000] {logging_mixin.py:188} INFO - [2026-04-30T11:51:36.081+0000] {dagbag.py:545} INFO - Filling up the DagBag from /opt/airflow/dags/sales_dwh_pipeline.py
[2026-04-30T11:51:36.187+0000] {processor.py:840} INFO - DAG(s) 'sales_dwh_pipeline' retrieved from /opt/airflow/dags/sales_dwh_pipeline.py
[2026-04-30T11:51:36.232+0000] {logging_mixin.py:188} INFO - [2026-04-30T11:51:36.231+0000] {dag.py:3096} INFO - Sync 1 DAGs
[2026-04-30T11:51:36.294+0000] {logging_mixin.py:188} INFO - [2026-04-30T11:51:36.294+0000] {dag.py:3954} INFO - Setting next_dagrun for sales_dwh_pipeline to 2026-04-30 02:00:00+00:00, run_after=2026-05-01 02:00:00+00:00
[2026-04-30T11:51:36.339+0000] {processor.py:183} INFO - Processing /opt/airflow/dags/sales_dwh_pipeline.py took 0.301 seconds
[2026-04-30T11:52:07.040+0000] {processor.py:161} INFO - Started process (PID=246) to work on /opt/airflow/dags/sales_dwh_pipeline.py
[2026-04-30T11:52:07.043+0000] {processor.py:830} INFO - Processing file /opt/airflow/dags/sales_dwh_pipeline.py for tasks to queue
[2026-04-30T11:52:07.048+0000] {logging_mixin.py:188} INFO - [2026-04-30T11:52:07.047+0000] {dagbag.py:545} INFO - Filling up the DagBag from /opt/airflow/dags/sales_dwh_pipeline.py
[2026-04-30T11:52:07.116+0000] {processor.py:840} INFO - DAG(s) 'sales_dwh_pipeline' retrieved from /opt/airflow/dags/sales_dwh_pipeline.py
[2026-04-30T11:52:07.376+0000] {logging_mixin.py:188} INFO - [2026-04-30T11:52:07.375+0000] {dag.py:3096} INFO - Sync 1 DAGs
[2026-04-30T11:52:07.469+0000] {processor.py:183} INFO - Processing /opt/airflow/dags/sales_dwh_pipeline.py took 0.448 seconds
[2026-04-30T11:52:37.804+0000] {processor.py:161} INFO - Started process (PID=259) to work on /opt/airflow/dags/sales_dwh_pipeline.py
[2026-04-30T11:52:37.807+0000] {processor.py:830} INFO - Processing file /opt/airflow/dags/sales_dwh_pipeline.py for tasks to queue
[2026-04-30T11:52:37.811+0000] {logging_mixin.py:188} INFO - [2026-04-30T11:52:37.810+0000] {dagbag.py:545} INFO - Filling up the DagBag from /opt/airflow/dags/sales_dwh_pipeline.py
[2026-04-30T11:52:37.865+0000] {processor.py:840} INFO - DAG(s) 'sales_dwh_pipeline' retrieved from /opt/airflow/dags/sales_dwh_pipeline.py
[2026-04-30T11:52:37.919+0000] {logging_mixin.py:188} INFO - [2026-04-30T11:52:37.919+0000] {dag.py:3096} INFO - Sync 1 DAGs
[2026-04-30T11:52:38.017+0000] {processor.py:183} INFO - Processing /opt/airflow/dags/sales_dwh_pipeline.py took 0.223 seconds
[2026-04-30T11:53:08.915+0000] {processor.py:161} INFO - Started process (PID=270) to work on /opt/airflow/dags/sales_dwh_pipeline.py
[2026-04-30T11:53:08.918+0000] {processor.py:830} INFO - Processing file /opt/airflow/dags/sales_dwh_pipeline.py for tasks to queue
[2026-04-30T11:53:08.922+0000] {logging_mixin.py:188} INFO - [2026-04-30T11:53:08.921+0000] {dagbag.py:545} INFO - Filling up the DagBag from /opt/airflow/dags/sales_dwh_pipeline.py
[2026-04-30T11:53:08.971+0000] {processor.py:840} INFO - DAG(s) 'sales_dwh_pipeline' retrieved from /opt/airflow/dags/sales_dwh_pipeline.py
[2026-04-30T11:53:09.032+0000] {logging_mixin.py:188} INFO - [2026-04-30T11:53:09.032+0000] {dag.py:3096} INFO - Sync 1 DAGs
[2026-04-30T11:53:09.135+0000] {processor.py:183} INFO - Processing /opt/airflow/dags/sales_dwh_pipeline.py took 0.232 seconds
[2026-04-30T11:53:39.987+0000] {processor.py:161} INFO - Started process (PID=281) to work on /opt/airflow/dags/sales_dwh_pipeline.py
[2026-04-30T11:53:39.989+0000] {processor.py:830} INFO - Processing file /opt/airflow/dags/sales_dwh_pipeline.py for tasks to queue
[2026-04-30T11:53:39.995+0000] {logging_mixin.py:188} INFO - [2026-04-30T11:53:39.993+0000] {dagbag.py:545} INFO - Filling up the DagBag from /opt/airflow/dags/sales_dwh_pipeline.py
[2026-04-30T11:53:40.059+0000] {processor.py:840} INFO - DAG(s) 'sales_dwh_pipeline' retrieved from /opt/airflow/dags/sales_dwh_pipeline.py
[2026-04-30T11:53:40.135+0000] {logging_mixin.py:188} INFO - [2026-04-30T11:53:40.134+0000] {dag.py:3096} INFO - Sync 1 DAGs
[2026-04-30T11:53:40.244+0000] {processor.py:183} INFO - Processing /opt/airflow/dags/sales_dwh_pipeline.py took 0.271 seconds
[2026-04-30T11:54:11.001+0000] {processor.py:161} INFO - Started process (PID=293) to work on /opt/airflow/dags/sales_dwh_pipeline.py
[2026-04-30T11:54:11.003+0000] {processor.py:830} INFO - Processing file /opt/airflow/dags/sales_dwh_pipeline.py for tasks to queue
[2026-04-30T11:54:11.008+0000] {logging_mixin.py:188} INFO - [2026-04-30T11:54:11.007+0000] {dagbag.py:545} INFO - Filling up the DagBag from /opt/airflow/dags/sales_dwh_pipeline.py
[2026-04-30T11:54:11.058+0000] {processor.py:840} INFO - DAG(s) 'sales_dwh_pipeline' retrieved from /opt/airflow/dags/sales_dwh_pipeline.py
[2026-04-30T11:54:11.123+0000] {logging_mixin.py:188} INFO - [2026-04-30T11:54:11.123+0000] {dag.py:3096} INFO - Sync 1 DAGs
[2026-04-30T11:54:11.226+0000] {processor.py:183} INFO - Processing /opt/airflow/dags/sales_dwh_pipeline.py took 0.238 seconds
[2026-04-30T11:54:41.309+0000] {processor.py:161} INFO - Started process (PID=304) to work on /opt/airflow/dags/sales_dwh_pipeline.py
[2026-04-30T11:54:41.311+0000] {processor.py:830} INFO - Processing file /opt/airflow/dags/sales_dwh_pipeline.py for tasks to queue
[2026-04-30T11:54:41.315+0000] {logging_mixin.py:188} INFO - [2026-04-30T11:54:41.314+0000] {dagbag.py:545} INFO - Filling up the DagBag from /opt/airflow/dags/sales_dwh_pipeline.py
[2026-04-30T11:54:41.353+0000] {processor.py:840} INFO - DAG(s) 'sales_dwh_pipeline' retrieved from /opt/airflow/dags/sales_dwh_pipeline.py
[2026-04-30T11:54:41.410+0000] {logging_mixin.py:188} INFO - [2026-04-30T11:54:41.410+0000] {dag.py:3096} INFO - Sync 1 DAGs
[2026-04-30T11:54:41.506+0000] {processor.py:183} INFO - Processing /opt/airflow/dags/sales_dwh_pipeline.py took 0.207 seconds
[2026-04-30T11:55:12.600+0000] {processor.py:161} INFO - Started process (PID=315) to work on /opt/airflow/dags/sales_dwh_pipeline.py
[2026-04-30T11:55:12.603+0000] {processor.py:830} INFO - Processing file /opt/airflow/dags/sales_dwh_pipeline.py for tasks to queue
[2026-04-30T11:55:12.607+0000] {logging_mixin.py:188} INFO - [2026-04-30T11:55:12.606+0000] {dagbag.py:545} INFO - Filling up the DagBag from /opt/airflow/dags/sales_dwh_pipeline.py
[2026-04-30T11:55:12.658+0000] {processor.py:840} INFO - DAG(s) 'sales_dwh_pipeline' retrieved from /opt/airflow/dags/sales_dwh_pipeline.py
[2026-04-30T11:55:12.725+0000] {logging_mixin.py:188} INFO - [2026-04-30T11:55:12.725+0000] {dag.py:3096} INFO - Sync 1 DAGs
[2026-04-30T11:55:12.828+0000] {processor.py:183} INFO - Processing /opt/airflow/dags/sales_dwh_pipeline.py took 0.245 seconds
[2026-04-30T11:55:43.574+0000] {processor.py:161} INFO - Started process (PID=326) to work on /opt/airflow/dags/sales_dwh_pipeline.py
[2026-04-30T11:55:43.576+0000] {processor.py:830} INFO - Processing file /opt/airflow/dags/sales_dwh_pipeline.py for tasks to queue
[2026-04-30T11:55:43.581+0000] {logging_mixin.py:188} INFO - [2026-04-30T11:55:43.580+0000] {dagbag.py:545} INFO - Filling up the DagBag from /opt/airflow/dags/sales_dwh_pipeline.py
[2026-04-30T11:55:43.628+0000] {processor.py:840} INFO - DAG(s) 'sales_dwh_pipeline' retrieved from /opt/airflow/dags/sales_dwh_pipeline.py
[2026-04-30T11:55:43.694+0000] {logging_mixin.py:188} INFO - [2026-04-30T11:55:43.693+0000] {dag.py:3096} INFO - Sync 1 DAGs
[2026-04-30T11:55:43.781+0000] {processor.py:183} INFO - Processing /opt/airflow/dags/sales_dwh_pipeline.py took 0.218 seconds
[2026-04-30T11:56:14.463+0000] {processor.py:161} INFO - Started process (PID=337) to work on /opt/airflow/dags/sales_dwh_pipeline.py
[2026-04-30T11:56:14.465+0000] {processor.py:830} INFO - Processing file /opt/airflow/dags/sales_dwh_pipeline.py for tasks to queue
[2026-04-30T11:56:14.470+0000] {logging_mixin.py:188} INFO - [2026-04-30T11:56:14.469+0000] {dagbag.py:545} INFO - Filling up the DagBag from /opt/airflow/dags/sales_dwh_pipeline.py
[2026-04-30T11:56:14.518+0000] {processor.py:840} INFO - DAG(s) 'sales_dwh_pipeline' retrieved from /opt/airflow/dags/sales_dwh_pipeline.py
[2026-04-30T11:56:14.582+0000] {logging_mixin.py:188} INFO - [2026-04-30T11:56:14.581+0000] {dag.py:3096} INFO - Sync 1 DAGs
[2026-04-30T11:56:14.684+0000] {processor.py:183} INFO - Processing /opt/airflow/dags/sales_dwh_pipeline.py took 0.246 seconds
[2026-04-30T11:56:45.256+0000] {processor.py:161} INFO - Started process (PID=348) to work on /opt/airflow/dags/sales_dwh_pipeline.py
[2026-04-30T11:56:45.259+0000] {processor.py:830} INFO - Processing file /opt/airflow/dags/sales_dwh_pipeline.py for tasks to queue
[2026-04-30T11:56:45.264+0000] {logging_mixin.py:188} INFO - [2026-04-30T11:56:45.263+0000] {dagbag.py:545} INFO - Filling up the DagBag from /opt/airflow/dags/sales_dwh_pipeline.py
[2026-04-30T11:56:45.316+0000] {processor.py:840} INFO - DAG(s) 'sales_dwh_pipeline' retrieved from /opt/airflow/dags/sales_dwh_pipeline.py
[2026-04-30T11:56:45.385+0000] {logging_mixin.py:188} INFO - [2026-04-30T11:56:45.384+0000] {dag.py:3096} INFO - Sync 1 DAGs
[2026-04-30T11:56:45.472+0000] {processor.py:183} INFO - Processing /opt/airflow/dags/sales_dwh_pipeline.py took 0.229 seconds
[2026-04-30T11:57:16.209+0000] {processor.py:161} INFO - Started process (PID=386) to work on /opt/airflow/dags/sales_dwh_pipeline.py
[2026-04-30T11:57:16.212+0000] {processor.py:830} INFO - Processing file /opt/airflow/dags/sales_dwh_pipeline.py for tasks to queue
[2026-04-30T11:57:16.219+0000] {logging_mixin.py:188} INFO - [2026-04-30T11:57:16.217+0000] {dagbag.py:545} INFO - Filling up the DagBag from /opt/airflow/dags/sales_dwh_pipeline.py
[2026-04-30T11:57:16.286+0000] {processor.py:840} INFO - DAG(s) 'sales_dwh_pipeline' retrieved from /opt/airflow/dags/sales_dwh_pipeline.py
[2026-04-30T11:57:16.389+0000] {logging_mixin.py:188} INFO - [2026-04-30T11:57:16.389+0000] {dag.py:3096} INFO - Sync 1 DAGs
[2026-04-30T11:57:16.500+0000] {processor.py:183} INFO - Processing /opt/airflow/dags/sales_dwh_pipeline.py took 0.310 seconds
[2026-04-30T11:57:47.253+0000] {processor.py:161} INFO - Started process (PID=400) to work on /opt/airflow/dags/sales_dwh_pipeline.py
[2026-04-30T11:57:47.256+0000] {processor.py:830} INFO - Processing file /opt/airflow/dags/sales_dwh_pipeline.py for tasks to queue
[2026-04-30T11:57:47.260+0000] {logging_mixin.py:188} INFO - [2026-04-30T11:57:47.259+0000] {dagbag.py:545} INFO - Filling up the DagBag from /opt/airflow/dags/sales_dwh_pipeline.py
[2026-04-30T11:57:47.308+0000] {processor.py:840} INFO - DAG(s) 'sales_dwh_pipeline' retrieved from /opt/airflow/dags/sales_dwh_pipeline.py
[2026-04-30T11:57:47.370+0000] {logging_mixin.py:188} INFO - [2026-04-30T11:57:47.369+0000] {dag.py:3096} INFO - Sync 1 DAGs
[2026-04-30T11:57:47.472+0000] {logging_mixin.py:188} INFO - [2026-04-30T11:57:47.472+0000] {dag.py:3954} INFO - Setting next_dagrun for sales_dwh_pipeline to 2026-04-30 02:00:00+00:00, run_after=2026-05-01 02:00:00+00:00
[2026-04-30T11:57:47.530+0000] {processor.py:183} INFO - Processing /opt/airflow/dags/sales_dwh_pipeline.py took 0.291 seconds
[2026-04-30T11:58:18.210+0000] {processor.py:161} INFO - Started process (PID=411) to work on /opt/airflow/dags/sales_dwh_pipeline.py
[2026-04-30T11:58:18.213+0000] {processor.py:830} INFO - Processing file /opt/airflow/dags/sales_dwh_pipeline.py for tasks to queue
[2026-04-30T11:58:18.218+0000] {logging_mixin.py:188} INFO - [2026-04-30T11:58:18.216+0000] {dagbag.py:545} INFO - Filling up the DagBag from /opt/airflow/dags/sales_dwh_pipeline.py
[2026-04-30T11:58:18.281+0000] {processor.py:840} INFO - DAG(s) 'sales_dwh_pipeline' retrieved from /opt/airflow/dags/sales_dwh_pipeline.py
[2026-04-30T11:58:18.361+0000] {logging_mixin.py:188} INFO - [2026-04-30T11:58:18.360+0000] {dag.py:3096} INFO - Sync 1 DAGs
[2026-04-30T11:58:18.411+0000] {logging_mixin.py:188} INFO - [2026-04-30T11:58:18.411+0000] {dag.py:3954} INFO - Setting next_dagrun for sales_dwh_pipeline to 2026-04-30 02:00:00+00:00, run_after=2026-05-01 02:00:00+00:00
[2026-04-30T11:58:18.449+0000] {processor.py:183} INFO - Processing /opt/airflow/dags/sales_dwh_pipeline.py took 0.254 seconds
[2026-04-30T11:58:49.026+0000] {processor.py:161} INFO - Started process (PID=422) to work on /opt/airflow/dags/sales_dwh_pipeline.py
[2026-04-30T11:58:49.028+0000] {processor.py:830} INFO - Processing file /opt/airflow/dags/sales_dwh_pipeline.py for tasks to queue
[2026-04-30T11:58:49.032+0000] {logging_mixin.py:188} INFO - [2026-04-30T11:58:49.031+0000] {dagbag.py:545} INFO - Filling up the DagBag from /opt/airflow/dags/sales_dwh_pipeline.py
[2026-04-30T11:58:49.077+0000] {processor.py:840} INFO - DAG(s) 'sales_dwh_pipeline' retrieved from /opt/airflow/dags/sales_dwh_pipeline.py
[2026-04-30T11:58:49.139+0000] {logging_mixin.py:188} INFO - [2026-04-30T11:58:49.138+0000] {dag.py:3096} INFO - Sync 1 DAGs
[2026-04-30T11:58:49.189+0000] {logging_mixin.py:188} INFO - [2026-04-30T11:58:49.188+0000] {dag.py:3954} INFO - Setting next_dagrun for sales_dwh_pipeline to 2026-04-30 02:00:00+00:00, run_after=2026-05-01 02:00:00+00:00
[2026-04-30T11:58:49.248+0000] {processor.py:183} INFO - Processing /opt/airflow/dags/sales_dwh_pipeline.py took 0.250 seconds
[2026-04-30T11:59:19.996+0000] {processor.py:161} INFO - Started process (PID=433) to work on /opt/airflow/dags/sales_dwh_pipeline.py
[2026-04-30T11:59:19.998+0000] {processor.py:830} INFO - Processing file /opt/airflow/dags/sales_dwh_pipeline.py for tasks to queue
[2026-04-30T11:59:20.002+0000] {logging_mixin.py:188} INFO - [2026-04-30T11:59:20.002+0000] {dagbag.py:545} INFO - Filling up the DagBag from /opt/airflow/dags/sales_dwh_pipeline.py
[2026-04-30T11:59:20.044+0000] {processor.py:840} INFO - DAG(s) 'sales_dwh_pipeline' retrieved from /opt/airflow/dags/sales_dwh_pipeline.py
[2026-04-30T11:59:20.107+0000] {logging_mixin.py:188} INFO - [2026-04-30T11:59:20.107+0000] {dag.py:3096} INFO - Sync 1 DAGs
[2026-04-30T11:59:20.168+0000] {logging_mixin.py:188} INFO - [2026-04-30T11:59:20.168+0000] {dag.py:3954} INFO - Setting next_dagrun for sales_dwh_pipeline to 2026-04-30 02:00:00+00:00, run_after=2026-05-01 02:00:00+00:00
[2026-04-30T11:59:20.209+0000] {processor.py:183} INFO - Processing /opt/airflow/dags/sales_dwh_pipeline.py took 0.227 seconds
[2026-04-30T11:59:51.054+0000] {processor.py:161} INFO - Started process (PID=444) to work on /opt/airflow/dags/sales_dwh_pipeline.py
[2026-04-30T11:59:51.057+0000] {processor.py:830} INFO - Processing file /opt/airflow/dags/sales_dwh_pipeline.py for tasks to queue
[2026-04-30T11:59:51.060+0000] {logging_mixin.py:188} INFO - [2026-04-30T11:59:51.060+0000] {dagbag.py:545} INFO - Filling up the DagBag from /opt/airflow/dags/sales_dwh_pipeline.py
[2026-04-30T11:59:51.106+0000] {processor.py:840} INFO - DAG(s) 'sales_dwh_pipeline' retrieved from /opt/airflow/dags/sales_dwh_pipeline.py
[2026-04-30T11:59:51.164+0000] {logging_mixin.py:188} INFO - [2026-04-30T11:59:51.163+0000] {dag.py:3096} INFO - Sync 1 DAGs
[2026-04-30T11:59:51.215+0000] {logging_mixin.py:188} INFO - [2026-04-30T11:59:51.215+0000] {dag.py:3954} INFO - Setting next_dagrun for sales_dwh_pipeline to 2026-04-30 02:00:00+00:00, run_after=2026-05-01 02:00:00+00:00
[2026-04-30T11:59:51.378+0000] {processor.py:183} INFO - Processing /opt/airflow/dags/sales_dwh_pipeline.py took 0.336 seconds
[2026-04-30T12:00:21.875+0000] {processor.py:161} INFO - Started process (PID=455) to work on /opt/airflow/dags/sales_dwh_pipeline.py
[2026-04-30T12:00:21.878+0000] {processor.py:830} INFO - Processing file /opt/airflow/dags/sales_dwh_pipeline.py for tasks to queue
[2026-04-30T12:00:21.882+0000] {logging_mixin.py:188} INFO - [2026-04-30T12:00:21.881+0000] {dagbag.py:545} INFO - Filling up the DagBag from /opt/airflow/dags/sales_dwh_pipeline.py
[2026-04-30T12:00:21.925+0000] {processor.py:840} INFO - DAG(s) 'sales_dwh_pipeline' retrieved from /opt/airflow/dags/sales_dwh_pipeline.py
[2026-04-30T12:00:21.984+0000] {logging_mixin.py:188} INFO - [2026-04-30T12:00:21.983+0000] {dag.py:3096} INFO - Sync 1 DAGs
[2026-04-30T12:00:21.374+0000] {logging_mixin.py:188} INFO - [2026-04-30T12:00:21.374+0000] {dag.py:3954} INFO - Setting next_dagrun for sales_dwh_pipeline to 2026-04-30 02:00:00+00:00, run_after=2026-05-01 02:00:00+00:00
[2026-04-30T12:00:20.353+0000] {processor.py:183} INFO - Processing /opt/airflow/dags/sales_dwh_pipeline.py took 0.228 seconds
[2026-04-30T12:00:51.406+0000] {processor.py:161} INFO - Started process (PID=486) to work on /opt/airflow/dags/sales_dwh_pipeline.py
[2026-04-30T12:00:51.409+0000] {processor.py:830} INFO - Processing file /opt/airflow/dags/sales_dwh_pipeline.py for tasks to queue
[2026-04-30T12:00:51.414+0000] {logging_mixin.py:188} INFO - [2026-04-30T12:00:51.413+0000] {dagbag.py:545} INFO - Filling up the DagBag from /opt/airflow/dags/sales_dwh_pipeline.py
[2026-04-30T12:00:51.467+0000] {processor.py:840} INFO - DAG(s) 'sales_dwh_pipeline' retrieved from /opt/airflow/dags/sales_dwh_pipeline.py
[2026-04-30T12:00:51.533+0000] {logging_mixin.py:188} INFO - [2026-04-30T12:00:51.532+0000] {dag.py:3096} INFO - Sync 1 DAGs
[2026-04-30T12:00:51.626+0000] {processor.py:183} INFO - Processing /opt/airflow/dags/sales_dwh_pipeline.py took 0.235 seconds
[2026-04-30T12:01:22.224+0000] {processor.py:161} INFO - Started process (PID=528) to work on /opt/airflow/dags/sales_dwh_pipeline.py
[2026-04-30T12:01:22.226+0000] {processor.py:830} INFO - Processing file /opt/airflow/dags/sales_dwh_pipeline.py for tasks to queue
[2026-04-30T12:01:22.229+0000] {logging_mixin.py:188} INFO - [2026-04-30T12:01:22.229+0000] {dagbag.py:545} INFO - Filling up the DagBag from /opt/airflow/dags/sales_dwh_pipeline.py
[2026-04-30T12:01:22.258+0000] {processor.py:840} INFO - DAG(s) 'sales_dwh_pipeline' retrieved from /opt/airflow/dags/sales_dwh_pipeline.py
[2026-04-30T12:01:22.298+0000] {logging_mixin.py:188} INFO - [2026-04-30T12:01:22.297+0000] {dag.py:3096} INFO - Sync 1 DAGs
[2026-04-30T12:01:22.350+0000] {processor.py:183} INFO - Processing /opt/airflow/dags/sales_dwh_pipeline.py took 0.132 seconds
[2026-04-30T12:01:52.830+0000] {processor.py:161} INFO - Started process (PID=575) to work on /opt/airflow/dags/sales_dwh_pipeline.py
[2026-04-30T12:01:52.832+0000] {processor.py:830} INFO - Processing file /opt/airflow/dags/sales_dwh_pipeline.py for tasks to queue
[2026-04-30T12:01:52.836+0000] {logging_mixin.py:188} INFO - [2026-04-30T12:01:52.835+0000] {dagbag.py:545} INFO - Filling up the DagBag from /opt/airflow/dags/sales_dwh_pipeline.py
[2026-04-30T12:01:52.862+0000] {processor.py:840} INFO - DAG(s) 'sales_dwh_pipeline' retrieved from /opt/airflow/dags/sales_dwh_pipeline.py
[2026-04-30T12:01:52.896+0000] {logging_mixin.py:188} INFO - [2026-04-30T12:01:52.895+0000] {dag.py:3096} INFO - Sync 1 DAGs
[2026-04-30T12:01:52.942+0000] {processor.py:183} INFO - Processing /opt/airflow/dags/sales_dwh_pipeline.py took 0.120 seconds
[2026-04-30T12:02:23.438+0000] {processor.py:161} INFO - Started process (PID=639) to work on /opt/airflow/dags/sales_dwh_pipeline.py
[2026-04-30T12:02:23.441+0000] {processor.py:830} INFO - Processing file /opt/airflow/dags/sales_dwh_pipeline.py for tasks to queue
[2026-04-30T12:02:23.447+0000] {logging_mixin.py:188} INFO - [2026-04-30T12:02:23.445+0000] {dagbag.py:545} INFO - Filling up the DagBag from /opt/airflow/dags/sales_dwh_pipeline.py
[2026-04-30T12:02:23.491+0000] {processor.py:840} INFO - DAG(s) 'sales_dwh_pipeline' retrieved from /opt/airflow/dags/sales_dwh_pipeline.py
[2026-04-30T12:02:23.538+0000] {logging_mixin.py:188} INFO - [2026-04-30T12:02:23.537+0000] {dag.py:3096} INFO - Sync 1 DAGs
[2026-04-30T12:02:23.610+0000] {processor.py:183} INFO - Processing /opt/airflow/dags/sales_dwh_pipeline.py took 0.191 seconds
[2026-04-30T12:02:54.225+0000] {processor.py:161} INFO - Started process (PID=710) to work on /opt/airflow/dags/sales_dwh_pipeline.py
[2026-04-30T12:02:54.226+0000] {processor.py:830} INFO - Processing file /opt/airflow/dags/sales_dwh_pipeline.py for tasks to queue
[2026-04-30T12:02:54.229+0000] {logging_mixin.py:188} INFO - [2026-04-30T12:02:54.229+0000] {dagbag.py:545} INFO - Filling up the DagBag from /opt/airflow/dags/sales_dwh_pipeline.py
[2026-04-30T12:02:54.258+0000] {processor.py:840} INFO - DAG(s) 'sales_dwh_pipeline' retrieved from /opt/airflow/dags/sales_dwh_pipeline.py
[2026-04-30T12:02:54.297+0000] {logging_mixin.py:188} INFO - [2026-04-30T12:02:54.296+0000] {dag.py:3096} INFO - Sync 1 DAGs
[2026-04-30T12:02:54.345+0000] {processor.py:183} INFO - Processing /opt/airflow/dags/sales_dwh_pipeline.py took 0.141 seconds
[2026-04-30T12:03:24.867+0000] {processor.py:161} INFO - Started process (PID=727) to work on /opt/airflow/dags/sales_dwh_pipeline.py
[2026-04-30T12:03:24.869+0000] {processor.py:830} INFO - Processing file /opt/airflow/dags/sales_dwh_pipeline.py for tasks to queue
[2026-04-30T12:03:24.871+0000] {logging_mixin.py:188} INFO - [2026-04-30T12:03:24.871+0000] {dagbag.py:545} INFO - Filling up the DagBag from /opt/airflow/dags/sales_dwh_pipeline.py
[2026-04-30T12:03:24.899+0000] {processor.py:840} INFO - DAG(s) 'sales_dwh_pipeline' retrieved from /opt/airflow/dags/sales_dwh_pipeline.py
[2026-04-30T12:03:24.935+0000] {logging_mixin.py:188} INFO - [2026-04-30T12:03:24.935+0000] {dag.py:3096} INFO - Sync 1 DAGs
[2026-04-30T12:03:24.982+0000] {processor.py:183} INFO - Processing /opt/airflow/dags/sales_dwh_pipeline.py took 0.122 seconds
[2026-04-30T12:03:55.977+0000] {processor.py:161} INFO - Started process (PID=738) to work on /opt/airflow/dags/sales_dwh_pipeline.py
[2026-04-30T12:03:55.979+0000] {processor.py:830} INFO - Processing file /opt/airflow/dags/sales_dwh_pipeline.py for tasks to queue
[2026-04-30T12:03:55.981+0000] {logging_mixin.py:188} INFO - [2026-04-30T12:03:55.980+0000] {dagbag.py:545} INFO - Filling up the DagBag from /opt/airflow/dags/sales_dwh_pipeline.py
[2026-04-30T12:03:56.007+0000] {processor.py:840} INFO - DAG(s) 'sales_dwh_pipeline' retrieved from /opt/airflow/dags/sales_dwh_pipeline.py
[2026-04-30T12:03:56.057+0000] {logging_mixin.py:188} INFO - [2026-04-30T12:03:56.056+0000] {dag.py:3096} INFO - Sync 1 DAGs
[2026-04-30T12:03:56.102+0000] {processor.py:183} INFO - Processing /opt/airflow/dags/sales_dwh_pipeline.py took 0.151 seconds
[2026-04-30T12:04:26.790+0000] {processor.py:161} INFO - Started process (PID=749) to work on /opt/airflow/dags/sales_dwh_pipeline.py
[2026-04-30T12:04:26.791+0000] {processor.py:830} INFO - Processing file /opt/airflow/dags/sales_dwh_pipeline.py for tasks to queue
[2026-04-30T12:04:26.794+0000] {logging_mixin.py:188} INFO - [2026-04-30T12:04:26.793+0000] {dagbag.py:545} INFO - Filling up the DagBag from /opt/airflow/dags/sales_dwh_pipeline.py
[2026-04-30T12:04:26.829+0000] {processor.py:840} INFO - DAG(s) 'sales_dwh_pipeline' retrieved from /opt/airflow/dags/sales_dwh_pipeline.py
[2026-04-30T12:04:26.880+0000] {logging_mixin.py:188} INFO - [2026-04-30T12:04:26.880+0000] {dag.py:3096} INFO - Sync 1 DAGs
[2026-04-30T12:04:26.958+0000] {processor.py:183} INFO - Processing /opt/airflow/dags/sales_dwh_pipeline.py took 0.177 seconds
[2026-04-30T12:04:57.665+0000] {processor.py:161} INFO - Started process (PID=760) to work on /opt/airflow/dags/sales_dwh_pipeline.py
[2026-04-30T12:04:57.666+0000] {processor.py:830} INFO - Processing file /opt/airflow/dags/sales_dwh_pipeline.py for tasks to queue
[2026-04-30T12:04:57.669+0000] {logging_mixin.py:188} INFO - [2026-04-30T12:04:57.669+0000] {dagbag.py:545} INFO - Filling up the DagBag from /opt/airflow/dags/sales_dwh_pipeline.py
[2026-04-30T12:04:57.713+0000] {processor.py:840} INFO - DAG(s) 'sales_dwh_pipeline' retrieved from /opt/airflow/dags/sales_dwh_pipeline.py
[2026-04-30T12:04:57.745+0000] {logging_mixin.py:188} INFO - [2026-04-30T12:04:57.745+0000] {dag.py:3096} INFO - Sync 1 DAGs
[2026-04-30T12:04:57.790+0000] {processor.py:183} INFO - Processing /opt/airflow/dags/sales_dwh_pipeline.py took 0.131 seconds
[2026-04-30T12:05:28.298+0000] {processor.py:161} INFO - Started process (PID=771) to work on /opt/airflow/dags/sales_dwh_pipeline.py
[2026-04-30T12:05:28.299+0000] {processor.py:830} INFO - Processing file /opt/airflow/dags/sales_dwh_pipeline.py for tasks to queue
[2026-04-30T12:05:28.302+0000] {logging_mixin.py:188} INFO - [2026-04-30T12:05:28.301+0000] {dagbag.py:545} INFO - Filling up the DagBag from /opt/airflow/dags/sales_dwh_pipeline.py
[2026-04-30T12:05:28.328+0000] {processor.py:840} INFO - DAG(s) 'sales_dwh_pipeline' retrieved from /opt/airflow/dags/sales_dwh_pipeline.py
[2026-04-30T12:05:28.362+0000] {logging_mixin.py:188} INFO - [2026-04-30T12:05:28.362+0000] {dag.py:3096} INFO - Sync 1 DAGs
[2026-04-30T12:05:28.422+0000] {processor.py:183} INFO - Processing /opt/airflow/dags/sales_dwh_pipeline.py took 0.130 seconds
[2026-04-30T12:05:58.718+0000] {processor.py:161} INFO - Started process (PID=782) to work on /opt/airflow/dags/sales_dwh_pipeline.py
[2026-04-30T12:05:58.719+0000] {processor.py:830} INFO - Processing file /opt/airflow/dags/sales_dwh_pipeline.py for tasks to queue
[2026-04-30T12:05:58.722+0000] {logging_mixin.py:188} INFO - [2026-04-30T12:05:58.721+0000] {dagbag.py:545} INFO - Filling up the DagBag from /opt/airflow/dags/sales_dwh_pipeline.py
[2026-04-30T12:05:58.751+0000] {processor.py:840} INFO - DAG(s) 'sales_dwh_pipeline' retrieved from /opt/airflow/dags/sales_dwh_pipeline.py
[2026-04-30T12:05:58.791+0000] {logging_mixin.py:188} INFO - [2026-04-30T12:05:58.791+0000] {dag.py:3096} INFO - Sync 1 DAGs
[2026-04-30T12:05:58.840+0000] {processor.py:183} INFO - Processing /opt/airflow/dags/sales_dwh_pipeline.py took 0.129 seconds
[2026-04-30T12:06:29.880+0000] {processor.py:161} INFO - Started process (PID=793) to work on /opt/airflow/dags/sales_dwh_pipeline.py
[2026-04-30T12:06:29.881+0000] {processor.py:830} INFO - Processing file /opt/airflow/dags/sales_dwh_pipeline.py for tasks to queue
[2026-04-30T12:06:29.883+0000] {logging_mixin.py:188} INFO - [2026-04-30T12:06:29.883+0000] {dagbag.py:545} INFO - Filling up the DagBag from /opt/airflow/dags/sales_dwh_pipeline.py
[2026-04-30T12:06:29.908+0000] {processor.py:840} INFO - DAG(s) 'sales_dwh_pipeline' retrieved from /opt/airflow/dags/sales_dwh_pipeline.py
[2026-04-30T12:06:29.940+0000] {logging_mixin.py:188} INFO - [2026-04-30T12:06:29.939+0000] {dag.py:3096} INFO - Sync 1 DAGs
[2026-04-30T12:06:29.986+0000] {processor.py:183} INFO - Processing /opt/airflow/dags/sales_dwh_pipeline.py took 0.113 seconds
[2026-04-30T12:07:00.586+0000] {processor.py:161} INFO - Started process (PID=804) to work on /opt/airflow/dags/sales_dwh_pipeline.py
[2026-04-30T12:07:00.587+0000] {processor.py:830} INFO - Processing file /opt/airflow/dags/sales_dwh_pipeline.py for tasks to queue
[2026-04-30T12:07:00.592+0000] {logging_mixin.py:188} INFO - [2026-04-30T12:07:00.591+0000] {dagbag.py:545} INFO - Filling up the DagBag from /opt/airflow/dags/sales_dwh_pipeline.py
[2026-04-30T12:07:00.634+0000] {processor.py:840} INFO - DAG(s) 'sales_dwh_pipeline' retrieved from /opt/airflow/dags/sales_dwh_pipeline.py
[2026-04-30T12:07:00.670+0000] {logging_mixin.py:188} INFO - [2026-04-30T12:07:00.670+0000] {dag.py:3096} INFO - Sync 1 DAGs
[2026-04-30T12:07:00.723+0000] {processor.py:183} INFO - Processing /opt/airflow/dags/sales_dwh_pipeline.py took 0.143 seconds
[2026-04-30T12:07:31.273+0000] {processor.py:161} INFO - Started process (PID=815) to work on /opt/airflow/dags/sales_dwh_pipeline.py
[2026-04-30T12:07:31.275+0000] {processor.py:830} INFO - Processing file /opt/airflow/dags/sales_dwh_pipeline.py for tasks to queue
[2026-04-30T12:07:31.277+0000] {logging_mixin.py:188} INFO - [2026-04-30T12:07:31.277+0000] {dagbag.py:545} INFO - Filling up the DagBag from /opt/airflow/dags/sales_dwh_pipeline.py
[2026-04-30T12:07:31.309+0000] {processor.py:840} INFO - DAG(s) 'sales_dwh_pipeline' retrieved from /opt/airflow/dags/sales_dwh_pipeline.py
[2026-04-30T12:07:31.351+0000] {logging_mixin.py:188} INFO - [2026-04-30T12:07:31.351+0000] {dag.py:3096} INFO - Sync 1 DAGs
[2026-04-30T12:07:31.405+0000] {processor.py:183} INFO - Processing /opt/airflow/dags/sales_dwh_pipeline.py took 0.138 seconds
[2026-04-30T12:08:01.823+0000] {processor.py:161} INFO - Started process (PID=856) to work on /opt/airflow/dags/sales_dwh_pipeline.py
[2026-04-30T12:08:01.824+0000] {processor.py:830} INFO - Processing file /opt/airflow/dags/sales_dwh_pipeline.py for tasks to queue
[2026-04-30T12:08:01.828+0000] {logging_mixin.py:188} INFO - [2026-04-30T12:08:01.827+0000] {dagbag.py:545} INFO - Filling up the DagBag from /opt/airflow/dags/sales_dwh_pipeline.py
[2026-04-30T12:08:01.863+0000] {processor.py:840} INFO - DAG(s) 'sales_dwh_pipeline' retrieved from /opt/airflow/dags/sales_dwh_pipeline.py
[2026-04-30T12:08:01.906+0000] {logging_mixin.py:188} INFO - [2026-04-30T12:08:01.905+0000] {dag.py:3096} INFO - Sync 1 DAGs
[2026-04-30T12:08:01.971+0000] {processor.py:183} INFO - Processing /opt/airflow/dags/sales_dwh_pipeline.py took 0.155 seconds
[2026-04-30T12:08:32.566+0000] {processor.py:161} INFO - Started process (PID=867) to work on /opt/airflow/dags/sales_dwh_pipeline.py
[2026-04-30T12:08:32.568+0000] {processor.py:830} INFO - Processing file /opt/airflow/dags/sales_dwh_pipeline.py for tasks to queue
[2026-04-30T12:08:32.571+0000] {logging_mixin.py:188} INFO - [2026-04-30T12:08:32.570+0000] {dagbag.py:545} INFO - Filling up the DagBag from /opt/airflow/dags/sales_dwh_pipeline.py
[2026-04-30T12:08:32.602+0000] {processor.py:840} INFO - DAG(s) 'sales_dwh_pipeline' retrieved from /opt/airflow/dags/sales_dwh_pipeline.py
[2026-04-30T12:08:32.637+0000] {logging_mixin.py:188} INFO - [2026-04-30T12:08:32.637+0000] {dag.py:3096} INFO - Sync 1 DAGs
[2026-04-30T12:08:32.664+0000] {logging_mixin.py:188} INFO - [2026-04-30T12:08:32.663+0000] {dag.py:3954} INFO - Setting next_dagrun for sales_dwh_pipeline to 2026-04-30 02:00:00+00:00, run_after=2026-05-01 02:00:00+00:00
[2026-04-30T12:08:32.689+0000] {processor.py:183} INFO - Processing /opt/airflow/dags/sales_dwh_pipeline.py took 0.136 seconds
[2026-04-30T12:09:03.317+0000] {processor.py:161} INFO - Started process (PID=884) to work on /opt/airflow/dags/sales_dwh_pipeline.py
[2026-04-30T12:09:03.319+0000] {processor.py:830} INFO - Processing file /opt/airflow/dags/sales_dwh_pipeline.py for tasks to queue
[2026-04-30T12:09:03.328+0000] {logging_mixin.py:188} INFO - [2026-04-30T12:09:03.327+0000] {dagbag.py:545} INFO - Filling up the DagBag from /opt/airflow/dags/sales_dwh_pipeline.py
[2026-04-30T12:09:03.357+0000] {processor.py:840} INFO - DAG(s) 'sales_dwh_pipeline' retrieved from /opt/airflow/dags/sales_dwh_pipeline.py
[2026-04-30T12:09:03.393+0000] {logging_mixin.py:188} INFO - [2026-04-30T12:09:03.393+0000] {dag.py:3096} INFO - Sync 1 DAGs
[2026-04-30T12:09:03.420+0000] {logging_mixin.py:188} INFO - [2026-04-30T12:09:03.420+0000] {dag.py:3954} INFO - Setting next_dagrun for sales_dwh_pipeline to 2026-04-30 02:00:00+00:00, run_after=2026-05-01 02:00:00+00:00
[2026-04-30T12:09:03.444+0000] {processor.py:183} INFO - Processing /opt/airflow/dags/sales_dwh_pipeline.py took 0.133 seconds
[2026-04-30T12:09:34.269+0000] {processor.py:161} INFO - Started process (PID=896) to work on /opt/airflow/dags/sales_dwh_pipeline.py
[2026-04-30T12:09:34.270+0000] {processor.py:830} INFO - Processing file /opt/airflow/dags/sales_dwh_pipeline.py for tasks to queue
[2026-04-30T12:09:34.272+0000] {logging_mixin.py:188} INFO - [2026-04-30T12:09:34.271+0000] {dagbag.py:545} INFO - Filling up the DagBag from /opt/airflow/dags/sales_dwh_pipeline.py
[2026-04-30T12:09:34.295+0000] {processor.py:840} INFO - DAG(s) 'sales_dwh_pipeline' retrieved from /opt/airflow/dags/sales_dwh_pipeline.py
[2026-04-30T12:09:34.330+0000] {logging_mixin.py:188} INFO - [2026-04-30T12:09:34.329+0000] {dag.py:3096} INFO - Sync 1 DAGs
[2026-04-30T12:09:34.356+0000] {logging_mixin.py:188} INFO - [2026-04-30T12:09:34.356+0000] {dag.py:3954} INFO - Setting next_dagrun for sales_dwh_pipeline to 2026-04-30 02:00:00+00:00, run_after=2026-05-01 02:00:00+00:00
[2026-04-30T12:09:34.379+0000] {processor.py:183} INFO - Processing /opt/airflow/dags/sales_dwh_pipeline.py took 0.116 seconds
[2026-04-30T12:10:04.858+0000] {processor.py:161} INFO - Started process (PID=907) to work on /opt/airflow/dags/sales_dwh_pipeline.py
[2026-04-30T12:10:04.859+0000] {processor.py:830} INFO - Processing file /opt/airflow/dags/sales_dwh_pipeline.py for tasks to queue
[2026-04-30T12:10:04.862+0000] {logging_mixin.py:188} INFO - [2026-04-30T12:10:04.862+0000] {dagbag.py:545} INFO - Filling up the DagBag from /opt/airflow/dags/sales_dwh_pipeline.py
[2026-04-30T12:10:04.891+0000] {processor.py:840} INFO - DAG(s) 'sales_dwh_pipeline' retrieved from /opt/airflow/dags/sales_dwh_pipeline.py
[2026-04-30T12:10:04.926+0000] {logging_mixin.py:188} INFO - [2026-04-30T12:10:04.926+0000] {dag.py:3096} INFO - Sync 1 DAGs
[2026-04-30T12:10:04.953+0000] {logging_mixin.py:188} INFO - [2026-04-30T12:10:04.953+0000] {dag.py:3954} INFO - Setting next_dagrun for sales_dwh_pipeline to 2026-04-30 02:00:00+00:00, run_after=2026-05-01 02:00:00+00:00
[2026-04-30T12:10:04.978+0000] {processor.py:183} INFO - Processing /opt/airflow/dags/sales_dwh_pipeline.py took 0.128 seconds
[2026-04-30T12:10:35.505+0000] {processor.py:161} INFO - Started process (PID=918) to work on /opt/airflow/dags/sales_dwh_pipeline.py
[2026-04-30T12:10:35.507+0000] {processor.py:830} INFO - Processing file /opt/airflow/dags/sales_dwh_pipeline.py for tasks to queue
[2026-04-30T12:10:35.509+0000] {logging_mixin.py:188} INFO - [2026-04-30T12:10:35.509+0000] {dagbag.py:545} INFO - Filling up the DagBag from /opt/airflow/dags/sales_dwh_pipeline.py
[2026-04-30T12:10:35.539+0000] {processor.py:840} INFO - DAG(s) 'sales_dwh_pipeline' retrieved from /opt/airflow/dags/sales_dwh_pipeline.py
[2026-04-30T12:10:35.580+0000] {logging_mixin.py:188} INFO - [2026-04-30T12:10:35.579+0000] {dag.py:3096} INFO - Sync 1 DAGs
[2026-04-30T12:10:35.615+0000] {logging_mixin.py:188} INFO - [2026-04-30T12:10:35.615+0000] {dag.py:3954} INFO - Setting next_dagrun for sales_dwh_pipeline to 2026-04-30 02:00:00+00:00, run_after=2026-05-01 02:00:00+00:00
[2026-04-30T12:10:35.658+0000] {processor.py:183} INFO - Processing /opt/airflow/dags/sales_dwh_pipeline.py took 0.160 seconds
[2026-04-30T12:11:06.482+0000] {processor.py:161} INFO - Started process (PID=929) to work on /opt/airflow/dags/sales_dwh_pipeline.py
[2026-04-30T12:11:06.484+0000] {processor.py:830} INFO - Processing file /opt/airflow/dags/sales_dwh_pipeline.py for tasks to queue
[2026-04-30T12:11:06.486+0000] {logging_mixin.py:188} INFO - [2026-04-30T12:11:06.486+0000] {dagbag.py:545} INFO - Filling up the DagBag from /opt/airflow/dags/sales_dwh_pipeline.py
[2026-04-30T12:11:06.514+0000] {processor.py:840} INFO - DAG(s) 'sales_dwh_pipeline' retrieved from /opt/airflow/dags/sales_dwh_pipeline.py
[2026-04-30T12:11:06.548+0000] {logging_mixin.py:188} INFO - [2026-04-30T12:11:06.548+0000] {dag.py:3096} INFO - Sync 1 DAGs
[2026-04-30T12:11:06.575+0000] {logging_mixin.py:188} INFO - [2026-04-30T12:11:06.575+0000] {dag.py:3954} INFO - Setting next_dagrun for sales_dwh_pipeline to 2026-04-30 02:00:00+00:00, run_after=2026-05-01 02:00:00+00:00
[2026-04-30T12:11:06.611+0000] {processor.py:183} INFO - Processing /opt/airflow/dags/sales_dwh_pipeline.py took 0.135 seconds
[2026-04-30T12:11:37.435+0000] {processor.py:161} INFO - Started process (PID=940) to work on /opt/airflow/dags/sales_dwh_pipeline.py
[2026-04-30T12:11:37.436+0000] {processor.py:830} INFO - Processing file /opt/airflow/dags/sales_dwh_pipeline.py for tasks to queue
[2026-04-30T12:11:37.439+0000] {logging_mixin.py:188} INFO - [2026-04-30T12:11:37.439+0000] {dagbag.py:545} INFO - Filling up the DagBag from /opt/airflow/dags/sales_dwh_pipeline.py
[2026-04-30T12:11:37.468+0000] {processor.py:840} INFO - DAG(s) 'sales_dwh_pipeline' retrieved from /opt/airflow/dags/sales_dwh_pipeline.py
[2026-04-30T12:11:37.523+0000] {logging_mixin.py:188} INFO - [2026-04-30T12:11:37.523+0000] {dag.py:3096} INFO - Sync 1 DAGs
[2026-04-30T12:11:37.573+0000] {logging_mixin.py:188} INFO - [2026-04-30T12:11:37.572+0000] {dag.py:3954} INFO - Setting next_dagrun for sales_dwh_pipeline to 2026-04-30 02:00:00+00:00, run_after=2026-05-01 02:00:00+00:00
[2026-04-30T12:11:37.633+0000] {processor.py:183} INFO - Processing /opt/airflow/dags/sales_dwh_pipeline.py took 0.206 seconds
[2026-04-30T12:12:08.307+0000] {processor.py:161} INFO - Started process (PID=951) to work on /opt/airflow/dags/sales_dwh_pipeline.py
[2026-04-30T12:12:08.308+0000] {processor.py:830} INFO - Processing file /opt/airflow/dags/sales_dwh_pipeline.py for tasks to queue
[2026-04-30T12:12:08.311+0000] {logging_mixin.py:188} INFO - [2026-04-30T12:12:08.310+0000] {dagbag.py:545} INFO - Filling up the DagBag from /opt/airflow/dags/sales_dwh_pipeline.py
[2026-04-30T12:12:08.339+0000] {processor.py:840} INFO - DAG(s) 'sales_dwh_pipeline' retrieved from /opt/airflow/dags/sales_dwh_pipeline.py
[2026-04-30T12:12:08.378+0000] {logging_mixin.py:188} INFO - [2026-04-30T12:12:08.377+0000] {dag.py:3096} INFO - Sync 1 DAGs
[2026-04-30T12:12:08.407+0000] {logging_mixin.py:188} INFO - [2026-04-30T12:12:08.407+0000] {dag.py:3954} INFO - Setting next_dagrun for sales_dwh_pipeline to 2026-04-30 02:00:00+00:00, run_after=2026-05-01 02:00:00+00:00
[2026-04-30T12:12:08.433+0000] {processor.py:183} INFO - Processing /opt/airflow/dags/sales_dwh_pipeline.py took 0.134 seconds
[2026-04-30T12:12:54.041+0000] {processor.py:161} INFO - Started process (PID=185) to work on /opt/airflow/dags/sales_dwh_pipeline.py
[2026-04-30T12:12:54.043+0000] {processor.py:830} INFO - Processing file /opt/airflow/dags/sales_dwh_pipeline.py for tasks to queue
[2026-04-30T12:12:54.046+0000] {logging_mixin.py:188} INFO - [2026-04-30T12:12:54.045+0000] {dagbag.py:545} INFO - Filling up the DagBag from /opt/airflow/dags/sales_dwh_pipeline.py
[2026-04-30T12:12:54.084+0000] {processor.py:840} INFO - DAG(s) 'sales_dwh_pipeline' retrieved from /opt/airflow/dags/sales_dwh_pipeline.py
[2026-04-30T12:12:54.120+0000] {logging_mixin.py:188} INFO - [2026-04-30T12:12:54.120+0000] {dag.py:3096} INFO - Sync 1 DAGs
[2026-04-30T12:12:54.148+0000] {logging_mixin.py:188} INFO - [2026-04-30T12:12:54.148+0000] {dag.py:3954} INFO - Setting next_dagrun for sales_dwh_pipeline to 2026-04-30 02:00:00+00:00, run_after=2026-05-01 02:00:00+00:00
[2026-04-30T12:12:54.173+0000] {processor.py:183} INFO - Processing /opt/airflow/dags/sales_dwh_pipeline.py took 0.138 seconds
[2026-04-30T12:13:24.991+0000] {processor.py:161} INFO - Started process (PID=203) to work on /opt/airflow/dags/sales_dwh_pipeline.py
[2026-04-30T12:13:25.000+0000] {processor.py:830} INFO - Processing file /opt/airflow/dags/sales_dwh_pipeline.py for tasks to queue
[2026-04-30T12:13:25.003+0000] {logging_mixin.py:188} INFO - [2026-04-30T12:13:25.003+0000] {dagbag.py:545} INFO - Filling up the DagBag from /opt/airflow/dags/sales_dwh_pipeline.py
[2026-04-30T12:13:25.045+0000] {processor.py:840} INFO - DAG(s) 'sales_dwh_pipeline' retrieved from /opt/airflow/dags/sales_dwh_pipeline.py
[2026-04-30T12:13:25.511+0000] {logging_mixin.py:188} INFO - [2026-04-30T12:13:25.510+0000] {dag.py:3096} INFO - Sync 1 DAGs
[2026-04-30T12:13:25.646+0000] {processor.py:183} INFO - Processing /opt/airflow/dags/sales_dwh_pipeline.py took 0.865 seconds
[2026-04-30T12:13:56.451+0000] {processor.py:161} INFO - Started process (PID=265) to work on /opt/airflow/dags/sales_dwh_pipeline.py
[2026-04-30T12:13:56.453+0000] {processor.py:830} INFO - Processing file /opt/airflow/dags/sales_dwh_pipeline.py for tasks to queue
[2026-04-30T12:13:56.456+0000] {logging_mixin.py:188} INFO - [2026-04-30T12:13:56.455+0000] {dagbag.py:545} INFO - Filling up the DagBag from /opt/airflow/dags/sales_dwh_pipeline.py
[2026-04-30T12:13:56.484+0000] {processor.py:840} INFO - DAG(s) 'sales_dwh_pipeline' retrieved from /opt/airflow/dags/sales_dwh_pipeline.py
[2026-04-30T12:13:56.525+0000] {logging_mixin.py:188} INFO - [2026-04-30T12:13:56.524+0000] {dag.py:3096} INFO - Sync 1 DAGs
[2026-04-30T12:13:56.575+0000] {processor.py:183} INFO - Processing /opt/airflow/dags/sales_dwh_pipeline.py took 0.131 seconds
[2026-04-30T12:14:27.237+0000] {processor.py:161} INFO - Started process (PID=327) to work on /opt/airflow/dags/sales_dwh_pipeline.py
[2026-04-30T12:14:27.239+0000] {processor.py:830} INFO - Processing file /opt/airflow/dags/sales_dwh_pipeline.py for tasks to queue
[2026-04-30T12:14:27.244+0000] {logging_mixin.py:188} INFO - [2026-04-30T12:14:27.243+0000] {dagbag.py:545} INFO - Filling up the DagBag from /opt/airflow/dags/sales_dwh_pipeline.py
[2026-04-30T12:14:27.273+0000] {processor.py:840} INFO - DAG(s) 'sales_dwh_pipeline' retrieved from /opt/airflow/dags/sales_dwh_pipeline.py
[2026-04-30T12:14:27.311+0000] {logging_mixin.py:188} INFO - [2026-04-30T12:14:27.310+0000] {dag.py:3096} INFO - Sync 1 DAGs
[2026-04-30T12:14:27.372+0000] {processor.py:183} INFO - Processing /opt/airflow/dags/sales_dwh_pipeline.py took 0.142 seconds
[2026-04-30T12:14:58.034+0000] {processor.py:161} INFO - Started process (PID=400) to work on /opt/airflow/dags/sales_dwh_pipeline.py
[2026-04-30T12:14:58.035+0000] {processor.py:830} INFO - Processing file /opt/airflow/dags/sales_dwh_pipeline.py for tasks to queue
[2026-04-30T12:14:58.037+0000] {logging_mixin.py:188} INFO - [2026-04-30T12:14:58.037+0000] {dagbag.py:545} INFO - Filling up the DagBag from /opt/airflow/dags/sales_dwh_pipeline.py
[2026-04-30T12:14:58.063+0000] {processor.py:840} INFO - DAG(s) 'sales_dwh_pipeline' retrieved from /opt/airflow/dags/sales_dwh_pipeline.py
[2026-04-30T12:14:58.095+0000] {logging_mixin.py:188} INFO - [2026-04-30T12:14:58.094+0000] {dag.py:3096} INFO - Sync 1 DAGs
[2026-04-30T12:14:58.140+0000] {processor.py:183} INFO - Processing /opt/airflow/dags/sales_dwh_pipeline.py took 0.112 seconds
[2026-04-30T12:15:28.638+0000] {processor.py:161} INFO - Started process (PID=463) to work on /opt/airflow/dags/sales_dwh_pipeline.py
[2026-04-30T12:15:28.640+0000] {processor.py:830} INFO - Processing file /opt/airflow/dags/sales_dwh_pipeline.py for tasks to queue
[2026-04-30T12:15:28.643+0000] {logging_mixin.py:188} INFO - [2026-04-30T12:15:28.642+0000] {dagbag.py:545} INFO - Filling up the DagBag from /opt/airflow/dags/sales_dwh_pipeline.py
[2026-04-30T12:15:28.670+0000] {processor.py:840} INFO - DAG(s) 'sales_dwh_pipeline' retrieved from /opt/airflow/dags/sales_dwh_pipeline.py
[2026-04-30T12:15:28.704+0000] {logging_mixin.py:188} INFO - [2026-04-30T12:15:28.703+0000] {dag.py:3096} INFO - Sync 1 DAGs
[2026-04-30T12:15:28.748+0000] {processor.py:183} INFO - Processing /opt/airflow/dags/sales_dwh_pipeline.py took 0.115 seconds
[2026-04-30T12:15:59.292+0000] {processor.py:161} INFO - Started process (PID=474) to work on /opt/airflow/dags/sales_dwh_pipeline.py
[2026-04-30T12:15:59.293+0000] {processor.py:830} INFO - Processing file /opt/airflow/dags/sales_dwh_pipeline.py for tasks to queue
[2026-04-30T12:15:59.295+0000] {logging_mixin.py:188} INFO - [2026-04-30T12:15:59.295+0000] {dagbag.py:545} INFO - Filling up the DagBag from /opt/airflow/dags/sales_dwh_pipeline.py
[2026-04-30T12:15:59.321+0000] {processor.py:840} INFO - DAG(s) 'sales_dwh_pipeline' retrieved from /opt/airflow/dags/sales_dwh_pipeline.py
[2026-04-30T12:15:59.353+0000] {logging_mixin.py:188} INFO - [2026-04-30T12:15:59.352+0000] {dag.py:3096} INFO - Sync 1 DAGs
[2026-04-30T12:15:59.396+0000] {processor.py:183} INFO - Processing /opt/airflow/dags/sales_dwh_pipeline.py took 0.112 seconds
[2026-04-30T12:16:29.891+0000] {processor.py:161} INFO - Started process (PID=485) to work on /opt/airflow/dags/sales_dwh_pipeline.py
[2026-04-30T12:16:29.894+0000] {processor.py:830} INFO - Processing file /opt/airflow/dags/sales_dwh_pipeline.py for tasks to queue
[2026-04-30T12:16:29.898+0000] {logging_mixin.py:188} INFO - [2026-04-30T12:16:29.897+0000] {dagbag.py:545} INFO - Filling up the DagBag from /opt/airflow/dags/sales_dwh_pipeline.py
[2026-04-30T12:16:29.925+0000] {processor.py:840} INFO - DAG(s) 'sales_dwh_pipeline' retrieved from /opt/airflow/dags/sales_dwh_pipeline.py
[2026-04-30T12:16:29.962+0000] {logging_mixin.py:188} INFO - [2026-04-30T12:16:29.962+0000] {dag.py:3096} INFO - Sync 1 DAGs
[2026-04-30T12:16:30.028+0000] {processor.py:183} INFO - Processing /opt/airflow/dags/sales_dwh_pipeline.py took 0.142 seconds
[2026-04-30T12:17:00.526+0000] {processor.py:161} INFO - Started process (PID=497) to work on /opt/airflow/dags/sales_dwh_pipeline.py
[2026-04-30T12:17:00.527+0000] {processor.py:830} INFO - Processing file /opt/airflow/dags/sales_dwh_pipeline.py for tasks to queue
[2026-04-30T12:17:00.530+0000] {logging_mixin.py:188} INFO - [2026-04-30T12:17:00.530+0000] {dagbag.py:545} INFO - Filling up the DagBag from /opt/airflow/dags/sales_dwh_pipeline.py
[2026-04-30T12:17:00.558+0000] {processor.py:840} INFO - DAG(s) 'sales_dwh_pipeline' retrieved from /opt/airflow/dags/sales_dwh_pipeline.py
[2026-04-30T12:17:00.593+0000] {logging_mixin.py:188} INFO - [2026-04-30T12:17:00.592+0000] {dag.py:3096} INFO - Sync 1 DAGs
[2026-04-30T12:17:00.643+0000] {processor.py:183} INFO - Processing /opt/airflow/dags/sales_dwh_pipeline.py took 0.124 seconds
[2026-04-30T12:17:31.318+0000] {processor.py:161} INFO - Started process (PID=508) to work on /opt/airflow/dags/sales_dwh_pipeline.py
[2026-04-30T12:17:31.319+0000] {processor.py:830} INFO - Processing file /opt/airflow/dags/sales_dwh_pipeline.py for tasks to queue
[2026-04-30T12:17:31.321+0000] {logging_mixin.py:188} INFO - [2026-04-30T12:17:31.320+0000] {dagbag.py:545} INFO - Filling up the DagBag from /opt/airflow/dags/sales_dwh_pipeline.py
[2026-04-30T12:17:31.350+0000] {processor.py:840} INFO - DAG(s) 'sales_dwh_pipeline' retrieved from /opt/airflow/dags/sales_dwh_pipeline.py
[2026-04-30T12:17:31.386+0000] {logging_mixin.py:188} INFO - [2026-04-30T12:17:31.386+0000] {dag.py:3096} INFO - Sync 1 DAGs
[2026-04-30T12:17:31.441+0000] {processor.py:183} INFO - Processing /opt/airflow/dags/sales_dwh_pipeline.py took 0.129 seconds
[2026-04-30T12:18:02.148+0000] {processor.py:161} INFO - Started process (PID=519) to work on /opt/airflow/dags/sales_dwh_pipeline.py
[2026-04-30T12:18:02.152+0000] {processor.py:830} INFO - Processing file /opt/airflow/dags/sales_dwh_pipeline.py for tasks to queue
[2026-04-30T12:18:02.155+0000] {logging_mixin.py:188} INFO - [2026-04-30T12:18:02.154+0000] {dagbag.py:545} INFO - Filling up the DagBag from /opt/airflow/dags/sales_dwh_pipeline.py
[2026-04-30T12:18:02.178+0000] {processor.py:840} INFO - DAG(s) 'sales_dwh_pipeline' retrieved from /opt/airflow/dags/sales_dwh_pipeline.py
[2026-04-30T12:18:02.214+0000] {logging_mixin.py:188} INFO - [2026-04-30T12:18:02.213+0000] {dag.py:3096} INFO - Sync 1 DAGs
[2026-04-30T12:18:02.526+0000] {processor.py:183} INFO - Processing /opt/airflow/dags/sales_dwh_pipeline.py took 0.384 seconds
[2026-04-30T12:18:32.905+0000] {processor.py:161} INFO - Started process (PID=530) to work on /opt/airflow/dags/sales_dwh_pipeline.py
[2026-04-30T12:18:32.906+0000] {processor.py:830} INFO - Processing file /opt/airflow/dags/sales_dwh_pipeline.py for tasks to queue
[2026-04-30T12:18:32.909+0000] {logging_mixin.py:188} INFO - [2026-04-30T12:18:32.909+0000] {dagbag.py:545} INFO - Filling up the DagBag from /opt/airflow/dags/sales_dwh_pipeline.py
[2026-04-30T12:18:32.939+0000] {processor.py:840} INFO - DAG(s) 'sales_dwh_pipeline' retrieved from /opt/airflow/dags/sales_dwh_pipeline.py
[2026-04-30T12:18:32.973+0000] {logging_mixin.py:188} INFO - [2026-04-30T12:18:32.972+0000] {dag.py:3096} INFO - Sync 1 DAGs
[2026-04-30T12:18:33.030+0000] {processor.py:183} INFO - Processing /opt/airflow/dags/sales_dwh_pipeline.py took 0.134 seconds
[2026-04-30T12:19:03.992+0000] {processor.py:161} INFO - Started process (PID=547) to work on /opt/airflow/dags/sales_dwh_pipeline.py
[2026-04-30T12:19:03.994+0000] {processor.py:830} INFO - Processing file /opt/airflow/dags/sales_dwh_pipeline.py for tasks to queue
[2026-04-30T12:19:03.996+0000] {logging_mixin.py:188} INFO - [2026-04-30T12:19:03.996+0000] {dagbag.py:545} INFO - Filling up the DagBag from /opt/airflow/dags/sales_dwh_pipeline.py
[2026-04-30T12:19:04.022+0000] {processor.py:840} INFO - DAG(s) 'sales_dwh_pipeline' retrieved from /opt/airflow/dags/sales_dwh_pipeline.py
[2026-04-30T12:19:04.058+0000] {logging_mixin.py:188} INFO - [2026-04-30T12:19:04.058+0000] {dag.py:3096} INFO - Sync 1 DAGs
[2026-04-30T12:19:04.121+0000] {processor.py:183} INFO - Processing /opt/airflow/dags/sales_dwh_pipeline.py took 0.135 seconds
[2026-04-30T12:19:34.915+0000] {processor.py:161} INFO - Started process (PID=558) to work on /opt/airflow/dags/sales_dwh_pipeline.py
[2026-04-30T12:19:34.917+0000] {processor.py:830} INFO - Processing file /opt/airflow/dags/sales_dwh_pipeline.py for tasks to queue
[2026-04-30T12:19:34.920+0000] {logging_mixin.py:188} INFO - [2026-04-30T12:19:34.919+0000] {dagbag.py:545} INFO - Filling up the DagBag from /opt/airflow/dags/sales_dwh_pipeline.py
[2026-04-30T12:19:34.947+0000] {processor.py:840} INFO - DAG(s) 'sales_dwh_pipeline' retrieved from /opt/airflow/dags/sales_dwh_pipeline.py
[2026-04-30T12:19:34.980+0000] {logging_mixin.py:188} INFO - [2026-04-30T12:19:34.980+0000] {dag.py:3096} INFO - Sync 1 DAGs
[2026-04-30T12:19:35.045+0000] {processor.py:183} INFO - Processing /opt/airflow/dags/sales_dwh_pipeline.py took 0.135 seconds
[2026-04-30T12:20:05.113+0000] {processor.py:161} INFO - Started process (PID=570) to work on /opt/airflow/dags/sales_dwh_pipeline.py
[2026-04-30T12:20:05.115+0000] {processor.py:830} INFO - Processing file /opt/airflow/dags/sales_dwh_pipeline.py for tasks to queue
[2026-04-30T12:20:05.118+0000] {logging_mixin.py:188} INFO - [2026-04-30T12:20:05.118+0000] {dagbag.py:545} INFO - Filling up the DagBag from /opt/airflow/dags/sales_dwh_pipeline.py
[2026-04-30T12:20:05.150+0000] {processor.py:840} INFO - DAG(s) 'sales_dwh_pipeline' retrieved from /opt/airflow/dags/sales_dwh_pipeline.py
[2026-04-30T12:20:05.186+0000] {logging_mixin.py:188} INFO - [2026-04-30T12:20:05.186+0000] {dag.py:3096} INFO - Sync 1 DAGs
[2026-04-30T12:20:05.253+0000] {processor.py:183} INFO - Processing /opt/airflow/dags/sales_dwh_pipeline.py took 0.147 seconds
[2026-04-30T12:20:36.181+0000] {processor.py:161} INFO - Started process (PID=611) to work on /opt/airflow/dags/sales_dwh_pipeline.py
[2026-04-30T12:20:36.183+0000] {processor.py:830} INFO - Processing file /opt/airflow/dags/sales_dwh_pipeline.py for tasks to queue
[2026-04-30T12:20:36.186+0000] {logging_mixin.py:188} INFO - [2026-04-30T12:20:36.186+0000] {dagbag.py:545} INFO - Filling up the DagBag from /opt/airflow/dags/sales_dwh_pipeline.py
[2026-04-30T12:20:36.217+0000] {processor.py:840} INFO - DAG(s) 'sales_dwh_pipeline' retrieved from /opt/airflow/dags/sales_dwh_pipeline.py
[2026-04-30T12:20:36.255+0000] {logging_mixin.py:188} INFO - [2026-04-30T12:20:36.255+0000] {dag.py:3096} INFO - Sync 1 DAGs
[2026-04-30T12:20:36.301+0000] {processor.py:183} INFO - Processing /opt/airflow/dags/sales_dwh_pipeline.py took 0.129 seconds
[2026-04-30T12:21:06.911+0000] {processor.py:161} INFO - Started process (PID=622) to work on /opt/airflow/dags/sales_dwh_pipeline.py
[2026-04-30T12:21:06.912+0000] {processor.py:830} INFO - Processing file /opt/airflow/dags/sales_dwh_pipeline.py for tasks to queue
[2026-04-30T12:21:06.915+0000] {logging_mixin.py:188} INFO - [2026-04-30T12:21:06.914+0000] {dagbag.py:545} INFO - Filling up the DagBag from /opt/airflow/dags/sales_dwh_pipeline.py
[2026-04-30T12:21:06.945+0000] {processor.py:840} INFO - DAG(s) 'sales_dwh_pipeline' retrieved from /opt/airflow/dags/sales_dwh_pipeline.py
[2026-04-30T12:21:06.978+0000] {logging_mixin.py:188} INFO - [2026-04-30T12:21:06.977+0000] {dag.py:3096} INFO - Sync 1 DAGs
[2026-04-30T12:21:07.002+0000] {logging_mixin.py:188} INFO - [2026-04-30T12:21:07.001+0000] {dag.py:3954} INFO - Setting next_dagrun for sales_dwh_pipeline to 2026-04-30 02:00:00+00:00, run_after=2026-05-01 02:00:00+00:00
[2026-04-30T12:21:07.027+0000] {processor.py:183} INFO - Processing /opt/airflow/dags/sales_dwh_pipeline.py took 0.123 seconds
[2026-04-30T12:21:37.411+0000] {processor.py:161} INFO - Started process (PID=633) to work on /opt/airflow/dags/sales_dwh_pipeline.py
[2026-04-30T12:21:37.412+0000] {processor.py:830} INFO - Processing file /opt/airflow/dags/sales_dwh_pipeline.py for tasks to queue
[2026-04-30T12:21:37.415+0000] {logging_mixin.py:188} INFO - [2026-04-30T12:21:37.415+0000] {dagbag.py:545} INFO - Filling up the DagBag from /opt/airflow/dags/sales_dwh_pipeline.py
[2026-04-30T12:21:37.443+0000] {processor.py:840} INFO - DAG(s) 'sales_dwh_pipeline' retrieved from /opt/airflow/dags/sales_dwh_pipeline.py
[2026-04-30T12:21:37.477+0000] {logging_mixin.py:188} INFO - [2026-04-30T12:21:37.477+0000] {dag.py:3096} INFO - Sync 1 DAGs
[2026-04-30T12:21:37.504+0000] {logging_mixin.py:188} INFO - [2026-04-30T12:21:37.503+0000] {dag.py:3954} INFO - Setting next_dagrun for sales_dwh_pipeline to 2026-04-30 02:00:00+00:00, run_after=2026-05-01 02:00:00+00:00
[2026-04-30T12:21:37.528+0000] {processor.py:183} INFO - Processing /opt/airflow/dags/sales_dwh_pipeline.py took 0.125 seconds
[2026-04-30T12:22:08.137+0000] {processor.py:161} INFO - Started process (PID=644) to work on /opt/airflow/dags/sales_dwh_pipeline.py
[2026-04-30T12:22:08.138+0000] {processor.py:830} INFO - Processing file /opt/airflow/dags/sales_dwh_pipeline.py for tasks to queue
[2026-04-30T12:22:08.141+0000] {logging_mixin.py:188} INFO - [2026-04-30T12:22:08.140+0000] {dagbag.py:545} INFO - Filling up the DagBag from /opt/airflow/dags/sales_dwh_pipeline.py
[2026-04-30T12:22:08.166+0000] {processor.py:840} INFO - DAG(s) 'sales_dwh_pipeline' retrieved from /opt/airflow/dags/sales_dwh_pipeline.py
[2026-04-30T12:22:08.197+0000] {logging_mixin.py:188} INFO - [2026-04-30T12:22:08.197+0000] {dag.py:3096} INFO - Sync 1 DAGs
[2026-04-30T12:22:08.223+0000] {logging_mixin.py:188} INFO - [2026-04-30T12:22:08.223+0000] {dag.py:3954} INFO - Setting next_dagrun for sales_dwh_pipeline to 2026-04-30 02:00:00+00:00, run_after=2026-05-01 02:00:00+00:00
[2026-04-30T12:22:08.262+0000] {processor.py:183} INFO - Processing /opt/airflow/dags/sales_dwh_pipeline.py took 0.131 seconds
[2026-04-30T12:22:39.242+0000] {processor.py:161} INFO - Started process (PID=655) to work on /opt/airflow/dags/sales_dwh_pipeline.py
[2026-04-30T12:22:39.244+0000] {processor.py:830} INFO - Processing file /opt/airflow/dags/sales_dwh_pipeline.py for tasks to queue
[2026-04-30T12:22:39.248+0000] {logging_mixin.py:188} INFO - [2026-04-30T12:22:39.247+0000] {dagbag.py:545} INFO - Filling up the DagBag from /opt/airflow/dags/sales_dwh_pipeline.py
[2026-04-30T12:22:39.278+0000] {processor.py:840} INFO - DAG(s) 'sales_dwh_pipeline' retrieved from /opt/airflow/dags/sales_dwh_pipeline.py
[2026-04-30T12:22:39.312+0000] {logging_mixin.py:188} INFO - [2026-04-30T12:22:39.311+0000] {dag.py:3096} INFO - Sync 1 DAGs
[2026-04-30T12:22:39.341+0000] {logging_mixin.py:188} INFO - [2026-04-30T12:22:39.341+0000] {dag.py:3954} INFO - Setting next_dagrun for sales_dwh_pipeline to 2026-04-30 02:00:00+00:00, run_after=2026-05-01 02:00:00+00:00
[2026-04-30T12:22:39.366+0000] {processor.py:183} INFO - Processing /opt/airflow/dags/sales_dwh_pipeline.py took 0.130 seconds
[2026-04-30T12:23:42.600+0000] {processor.py:161} INFO - Started process (PID=185) to work on /opt/airflow/dags/sales_dwh_pipeline.py
[2026-04-30T12:23:42.601+0000] {processor.py:830} INFO - Processing file /opt/airflow/dags/sales_dwh_pipeline.py for tasks to queue
[2026-04-30T12:23:42.603+0000] {logging_mixin.py:188} INFO - [2026-04-30T12:23:42.602+0000] {dagbag.py:545} INFO - Filling up the DagBag from /opt/airflow/dags/sales_dwh_pipeline.py
[2026-04-30T12:23:42.637+0000] {processor.py:840} INFO - DAG(s) 'sales_dwh_pipeline' retrieved from /opt/airflow/dags/sales_dwh_pipeline.py
[2026-04-30T12:23:42.672+0000] {logging_mixin.py:188} INFO - [2026-04-30T12:23:42.671+0000] {dag.py:3096} INFO - Sync 1 DAGs
[2026-04-30T12:23:42.699+0000] {logging_mixin.py:188} INFO - [2026-04-30T12:23:42.699+0000] {dag.py:3954} INFO - Setting next_dagrun for sales_dwh_pipeline to 2026-04-30 02:00:00+00:00, run_after=2026-05-01 02:00:00+00:00
[2026-04-30T12:23:42.725+0000] {processor.py:183} INFO - Processing /opt/airflow/dags/sales_dwh_pipeline.py took 0.131 seconds
[2026-04-30T12:24:13.218+0000] {processor.py:161} INFO - Started process (PID=202) to work on /opt/airflow/dags/sales_dwh_pipeline.py
[2026-04-30T12:24:13.220+0000] {processor.py:830} INFO - Processing file /opt/airflow/dags/sales_dwh_pipeline.py for tasks to queue
[2026-04-30T12:24:13.224+0000] {logging_mixin.py:188} INFO - [2026-04-30T12:24:13.223+0000] {dagbag.py:545} INFO - Filling up the DagBag from /opt/airflow/dags/sales_dwh_pipeline.py
[2026-04-30T12:24:13.255+0000] {processor.py:840} INFO - DAG(s) 'sales_dwh_pipeline' retrieved from /opt/airflow/dags/sales_dwh_pipeline.py
[2026-04-30T12:24:13.550+0000] {logging_mixin.py:188} INFO - [2026-04-30T12:24:13.549+0000] {dag.py:3096} INFO - Sync 1 DAGs
[2026-04-30T12:24:13.575+0000] {logging_mixin.py:188} INFO - [2026-04-30T12:24:13.574+0000] {dag.py:3954} INFO - Setting next_dagrun for sales_dwh_pipeline to 2026-04-30 02:00:00+00:00, run_after=2026-05-01 02:00:00+00:00
[2026-04-30T12:24:13.600+0000] {processor.py:183} INFO - Processing /opt/airflow/dags/sales_dwh_pipeline.py took 0.390 seconds
[2026-04-30T12:24:43.942+0000] {processor.py:161} INFO - Started process (PID=245) to work on /opt/airflow/dags/sales_dwh_pipeline.py
[2026-04-30T12:24:43.944+0000] {processor.py:830} INFO - Processing file /opt/airflow/dags/sales_dwh_pipeline.py for tasks to queue
[2026-04-30T12:24:43.947+0000] {logging_mixin.py:188} INFO - [2026-04-30T12:24:43.946+0000] {dagbag.py:545} INFO - Filling up the DagBag from /opt/airflow/dags/sales_dwh_pipeline.py
[2026-04-30T12:24:43.976+0000] {processor.py:840} INFO - DAG(s) 'sales_dwh_pipeline' retrieved from /opt/airflow/dags/sales_dwh_pipeline.py
[2026-04-30T12:24:44.011+0000] {logging_mixin.py:188} INFO - [2026-04-30T12:24:44.011+0000] {dag.py:3096} INFO - Sync 1 DAGs
[2026-04-30T12:24:44.060+0000] {processor.py:183} INFO - Processing /opt/airflow/dags/sales_dwh_pipeline.py took 0.126 seconds
[2026-04-30T12:25:14.700+0000] {processor.py:161} INFO - Started process (PID=321) to work on /opt/airflow/dags/sales_dwh_pipeline.py
[2026-04-30T12:25:14.702+0000] {processor.py:830} INFO - Processing file /opt/airflow/dags/sales_dwh_pipeline.py for tasks to queue
[2026-04-30T12:25:14.704+0000] {logging_mixin.py:188} INFO - [2026-04-30T12:25:14.704+0000] {dagbag.py:545} INFO - Filling up the DagBag from /opt/airflow/dags/sales_dwh_pipeline.py
[2026-04-30T12:25:14.735+0000] {processor.py:840} INFO - DAG(s) 'sales_dwh_pipeline' retrieved from /opt/airflow/dags/sales_dwh_pipeline.py
[2026-04-30T12:25:14.772+0000] {logging_mixin.py:188} INFO - [2026-04-30T12:25:14.771+0000] {dag.py:3096} INFO - Sync 1 DAGs
[2026-04-30T12:25:14.837+0000] {processor.py:183} INFO - Processing /opt/airflow/dags/sales_dwh_pipeline.py took 0.144 seconds
[2026-04-30T12:25:45.474+0000] {processor.py:161} INFO - Started process (PID=394) to work on /opt/airflow/dags/sales_dwh_pipeline.py
[2026-04-30T12:25:45.475+0000] {processor.py:830} INFO - Processing file /opt/airflow/dags/sales_dwh_pipeline.py for tasks to queue
[2026-04-30T12:25:45.478+0000] {logging_mixin.py:188} INFO - [2026-04-30T12:25:45.477+0000] {dagbag.py:545} INFO - Filling up the DagBag from /opt/airflow/dags/sales_dwh_pipeline.py
[2026-04-30T12:25:45.506+0000] {processor.py:840} INFO - DAG(s) 'sales_dwh_pipeline' retrieved from /opt/airflow/dags/sales_dwh_pipeline.py
[2026-04-30T12:25:45.540+0000] {logging_mixin.py:188} INFO - [2026-04-30T12:25:45.540+0000] {dag.py:3096} INFO - Sync 1 DAGs
[2026-04-30T12:25:45.588+0000] {processor.py:183} INFO - Processing /opt/airflow/dags/sales_dwh_pipeline.py took 0.121 seconds
[2026-04-30T12:26:16.156+0000] {processor.py:161} INFO - Started process (PID=463) to work on /opt/airflow/dags/sales_dwh_pipeline.py
[2026-04-30T12:26:16.157+0000] {processor.py:830} INFO - Processing file /opt/airflow/dags/sales_dwh_pipeline.py for tasks to queue
[2026-04-30T12:26:16.159+0000] {logging_mixin.py:188} INFO - [2026-04-30T12:26:16.159+0000] {dagbag.py:545} INFO - Filling up the DagBag from /opt/airflow/dags/sales_dwh_pipeline.py
[2026-04-30T12:26:16.185+0000] {processor.py:840} INFO - DAG(s) 'sales_dwh_pipeline' retrieved from /opt/airflow/dags/sales_dwh_pipeline.py
[2026-04-30T12:26:16.216+0000] {logging_mixin.py:188} INFO - [2026-04-30T12:26:16.216+0000] {dag.py:3096} INFO - Sync 1 DAGs
[2026-04-30T12:26:16.243+0000] {logging_mixin.py:188} INFO - [2026-04-30T12:26:16.242+0000] {dag.py:3954} INFO - Setting next_dagrun for sales_dwh_pipeline to 2026-04-30 02:00:00+00:00, run_after=2026-05-01 02:00:00+00:00
[2026-04-30T12:26:16.263+0000] {processor.py:183} INFO - Processing /opt/airflow/dags/sales_dwh_pipeline.py took 0.112 seconds
[2026-04-30T12:26:47.017+0000] {processor.py:161} INFO - Started process (PID=474) to work on /opt/airflow/dags/sales_dwh_pipeline.py
[2026-04-30T12:26:47.018+0000] {processor.py:830} INFO - Processing file /opt/airflow/dags/sales_dwh_pipeline.py for tasks to queue
[2026-04-30T12:26:47.021+0000] {logging_mixin.py:188} INFO - [2026-04-30T12:26:47.020+0000] {dagbag.py:545} INFO - Filling up the DagBag from /opt/airflow/dags/sales_dwh_pipeline.py
[2026-04-30T12:26:47.047+0000] {processor.py:840} INFO - DAG(s) 'sales_dwh_pipeline' retrieved from /opt/airflow/dags/sales_dwh_pipeline.py
[2026-04-30T12:26:47.079+0000] {logging_mixin.py:188} INFO - [2026-04-30T12:26:47.078+0000] {dag.py:3096} INFO - Sync 1 DAGs
[2026-04-30T12:26:47.102+0000] {logging_mixin.py:188} INFO - [2026-04-30T12:26:47.102+0000] {dag.py:3954} INFO - Setting next_dagrun for sales_dwh_pipeline to 2026-04-30 02:00:00+00:00, run_after=2026-05-01 02:00:00+00:00
[2026-04-30T12:26:47.139+0000] {processor.py:183} INFO - Processing /opt/airflow/dags/sales_dwh_pipeline.py took 0.127 seconds
[2026-04-30T12:27:17.572+0000] {processor.py:161} INFO - Started process (PID=485) to work on /opt/airflow/dags/sales_dwh_pipeline.py
[2026-04-30T12:27:17.574+0000] {processor.py:830} INFO - Processing file /opt/airflow/dags/sales_dwh_pipeline.py for tasks to queue
[2026-04-30T12:27:17.576+0000] {logging_mixin.py:188} INFO - [2026-04-30T12:27:17.575+0000] {dagbag.py:545} INFO - Filling up the DagBag from /opt/airflow/dags/sales_dwh_pipeline.py
[2026-04-30T12:27:17.605+0000] {processor.py:840} INFO - DAG(s) 'sales_dwh_pipeline' retrieved from /opt/airflow/dags/sales_dwh_pipeline.py
[2026-04-30T12:27:17.638+0000] {logging_mixin.py:188} INFO - [2026-04-30T12:27:17.638+0000] {dag.py:3096} INFO - Sync 1 DAGs
[2026-04-30T12:27:17.663+0000] {logging_mixin.py:188} INFO - [2026-04-30T12:27:17.663+0000] {dag.py:3954} INFO - Setting next_dagrun for sales_dwh_pipeline to 2026-04-30 02:00:00+00:00, run_after=2026-05-01 02:00:00+00:00
[2026-04-30T12:27:17.699+0000] {processor.py:183} INFO - Processing /opt/airflow/dags/sales_dwh_pipeline.py took 0.134 seconds
[2026-04-30T12:27:48.303+0000] {processor.py:161} INFO - Started process (PID=497) to work on /opt/airflow/dags/sales_dwh_pipeline.py
[2026-04-30T12:27:48.304+0000] {processor.py:830} INFO - Processing file /opt/airflow/dags/sales_dwh_pipeline.py for tasks to queue
[2026-04-30T12:27:48.306+0000] {logging_mixin.py:188} INFO - [2026-04-30T12:27:48.306+0000] {dagbag.py:545} INFO - Filling up the DagBag from /opt/airflow/dags/sales_dwh_pipeline.py
[2026-04-30T12:27:48.332+0000] {processor.py:840} INFO - DAG(s) 'sales_dwh_pipeline' retrieved from /opt/airflow/dags/sales_dwh_pipeline.py
[2026-04-30T12:27:48.364+0000] {logging_mixin.py:188} INFO - [2026-04-30T12:27:48.363+0000] {dag.py:3096} INFO - Sync 1 DAGs
[2026-04-30T12:27:48.390+0000] {logging_mixin.py:188} INFO - [2026-04-30T12:27:48.390+0000] {dag.py:3954} INFO - Setting next_dagrun for sales_dwh_pipeline to 2026-04-30 02:00:00+00:00, run_after=2026-05-01 02:00:00+00:00
[2026-04-30T12:27:48.415+0000] {processor.py:183} INFO - Processing /opt/airflow/dags/sales_dwh_pipeline.py took 0.117 seconds
[2026-04-30T12:28:19.032+0000] {processor.py:161} INFO - Started process (PID=508) to work on /opt/airflow/dags/sales_dwh_pipeline.py
[2026-04-30T12:28:19.033+0000] {processor.py:830} INFO - Processing file /opt/airflow/dags/sales_dwh_pipeline.py for tasks to queue
[2026-04-30T12:28:19.035+0000] {logging_mixin.py:188} INFO - [2026-04-30T12:28:19.034+0000] {dagbag.py:545} INFO - Filling up the DagBag from /opt/airflow/dags/sales_dwh_pipeline.py
[2026-04-30T12:28:19.063+0000] {processor.py:840} INFO - DAG(s) 'sales_dwh_pipeline' retrieved from /opt/airflow/dags/sales_dwh_pipeline.py
[2026-04-30T12:28:19.096+0000] {logging_mixin.py:188} INFO - [2026-04-30T12:28:19.096+0000] {dag.py:3096} INFO - Sync 1 DAGs
[2026-04-30T12:28:19.120+0000] {logging_mixin.py:188} INFO - [2026-04-30T12:28:19.120+0000] {dag.py:3954} INFO - Setting next_dagrun for sales_dwh_pipeline to 2026-04-30 02:00:00+00:00, run_after=2026-05-01 02:00:00+00:00
[2026-04-30T12:28:19.141+0000] {processor.py:183} INFO - Processing /opt/airflow/dags/sales_dwh_pipeline.py took 0.115 seconds
[2026-04-30T12:28:50.137+0000] {processor.py:161} INFO - Started process (PID=519) to work on /opt/airflow/dags/sales_dwh_pipeline.py
[2026-04-30T12:28:50.138+0000] {processor.py:830} INFO - Processing file /opt/airflow/dags/sales_dwh_pipeline.py for tasks to queue
[2026-04-30T12:28:50.140+0000] {logging_mixin.py:188} INFO - [2026-04-30T12:28:50.140+0000] {dagbag.py:545} INFO - Filling up the DagBag from /opt/airflow/dags/sales_dwh_pipeline.py
[2026-04-30T12:28:50.164+0000] {processor.py:840} INFO - DAG(s) 'sales_dwh_pipeline' retrieved from /opt/airflow/dags/sales_dwh_pipeline.py
[2026-04-30T12:28:50.197+0000] {logging_mixin.py:188} INFO - [2026-04-30T12:28:50.196+0000] {dag.py:3096} INFO - Sync 1 DAGs
[2026-04-30T12:28:50.222+0000] {logging_mixin.py:188} INFO - [2026-04-30T12:28:50.221+0000] {dag.py:3954} INFO - Setting next_dagrun for sales_dwh_pipeline to 2026-04-30 02:00:00+00:00, run_after=2026-05-01 02:00:00+00:00
[2026-04-30T12:28:50.258+0000] {processor.py:183} INFO - Processing /opt/airflow/dags/sales_dwh_pipeline.py took 0.126 seconds
[2026-04-30T12:29:20.888+0000] {processor.py:161} INFO - Started process (PID=530) to work on /opt/airflow/dags/sales_dwh_pipeline.py
[2026-04-30T12:29:20.889+0000] {processor.py:830} INFO - Processing file /opt/airflow/dags/sales_dwh_pipeline.py for tasks to queue
[2026-04-30T12:29:20.891+0000] {logging_mixin.py:188} INFO - [2026-04-30T12:29:20.891+0000] {dagbag.py:545} INFO - Filling up the DagBag from /opt/airflow/dags/sales_dwh_pipeline.py
[2026-04-30T12:29:20.916+0000] {processor.py:840} INFO - DAG(s) 'sales_dwh_pipeline' retrieved from /opt/airflow/dags/sales_dwh_pipeline.py
[2026-04-30T12:29:20.947+0000] {logging_mixin.py:188} INFO - [2026-04-30T12:29:20.947+0000] {dag.py:3096} INFO - Sync 1 DAGs
[2026-04-30T12:29:20.971+0000] {logging_mixin.py:188} INFO - [2026-04-30T12:29:20.971+0000] {dag.py:3954} INFO - Setting next_dagrun for sales_dwh_pipeline to 2026-04-30 02:00:00+00:00, run_after=2026-05-01 02:00:00+00:00
[2026-04-30T12:29:21.008+0000] {processor.py:183} INFO - Processing /opt/airflow/dags/sales_dwh_pipeline.py took 0.125 seconds
[2026-04-30T12:29:51.664+0000] {processor.py:161} INFO - Started process (PID=547) to work on /opt/airflow/dags/sales_dwh_pipeline.py
[2026-04-30T12:29:51.665+0000] {processor.py:830} INFO - Processing file /opt/airflow/dags/sales_dwh_pipeline.py for tasks to queue
[2026-04-30T12:29:51.667+0000] {logging_mixin.py:188} INFO - [2026-04-30T12:29:51.666+0000] {dagbag.py:545} INFO - Filling up the DagBag from /opt/airflow/dags/sales_dwh_pipeline.py
[2026-04-30T12:29:51.702+0000] {processor.py:840} INFO - DAG(s) 'sales_dwh_pipeline' retrieved from /opt/airflow/dags/sales_dwh_pipeline.py
[2026-04-30T12:29:51.743+0000] {logging_mixin.py:188} INFO - [2026-04-30T12:29:51.743+0000] {dag.py:3096} INFO - Sync 1 DAGs
[2026-04-30T12:29:51.771+0000] {logging_mixin.py:188} INFO - [2026-04-30T12:29:51.770+0000] {dag.py:3954} INFO - Setting next_dagrun for sales_dwh_pipeline to 2026-04-30 02:00:00+00:00, run_after=2026-05-01 02:00:00+00:00
[2026-04-30T12:29:51.798+0000] {processor.py:183} INFO - Processing /opt/airflow/dags/sales_dwh_pipeline.py took 0.139 seconds
[2026-04-30T12:30:22.386+0000] {processor.py:161} INFO - Started process (PID=558) to work on /opt/airflow/dags/sales_dwh_pipeline.py
[2026-04-30T12:30:22.388+0000] {processor.py:830} INFO - Processing file /opt/airflow/dags/sales_dwh_pipeline.py for tasks to queue
[2026-04-30T12:30:22.390+0000] {logging_mixin.py:188} INFO - [2026-04-30T12:30:22.390+0000] {dagbag.py:545} INFO - Filling up the DagBag from /opt/airflow/dags/sales_dwh_pipeline.py
[2026-04-30T12:30:22.423+0000] {processor.py:840} INFO - DAG(s) 'sales_dwh_pipeline' retrieved from /opt/airflow/dags/sales_dwh_pipeline.py
[2026-04-30T12:30:22.456+0000] {logging_mixin.py:188} INFO - [2026-04-30T12:30:22.456+0000] {dag.py:3096} INFO - Sync 1 DAGs
[2026-04-30T12:30:22.482+0000] {logging_mixin.py:188} INFO - [2026-04-30T12:30:22.482+0000] {dag.py:3954} INFO - Setting next_dagrun for sales_dwh_pipeline to 2026-04-30 02:00:00+00:00, run_after=2026-05-01 02:00:00+00:00
[2026-04-30T12:30:22.507+0000] {processor.py:183} INFO - Processing /opt/airflow/dags/sales_dwh_pipeline.py took 0.126 seconds
[2026-04-30T12:30:52.578+0000] {processor.py:161} INFO - Started process (PID=569) to work on /opt/airflow/dags/sales_dwh_pipeline.py
[2026-04-30T12:30:52.580+0000] {processor.py:830} INFO - Processing file /opt/airflow/dags/sales_dwh_pipeline.py for tasks to queue
[2026-04-30T12:30:52.582+0000] {logging_mixin.py:188} INFO - [2026-04-30T12:30:52.582+0000] {dagbag.py:545} INFO - Filling up the DagBag from /opt/airflow/dags/sales_dwh_pipeline.py
[2026-04-30T12:30:52.611+0000] {processor.py:840} INFO - DAG(s) 'sales_dwh_pipeline' retrieved from /opt/airflow/dags/sales_dwh_pipeline.py
[2026-04-30T12:30:52.648+0000] {logging_mixin.py:188} INFO - [2026-04-30T12:30:52.647+0000] {dag.py:3096} INFO - Sync 1 DAGs
[2026-04-30T12:30:52.676+0000] {logging_mixin.py:188} INFO - [2026-04-30T12:30:52.675+0000] {dag.py:3954} INFO - Setting next_dagrun for sales_dwh_pipeline to 2026-04-30 02:00:00+00:00, run_after=2026-05-01 02:00:00+00:00
[2026-04-30T12:30:52.696+0000] {processor.py:183} INFO - Processing /opt/airflow/dags/sales_dwh_pipeline.py took 0.125 seconds
[2026-04-30T12:31:22.886+0000] {processor.py:161} INFO - Started process (PID=581) to work on /opt/airflow/dags/sales_dwh_pipeline.py
[2026-04-30T12:31:22.888+0000] {processor.py:830} INFO - Processing file /opt/airflow/dags/sales_dwh_pipeline.py for tasks to queue
[2026-04-30T12:31:22.890+0000] {logging_mixin.py:188} INFO - [2026-04-30T12:31:22.890+0000] {dagbag.py:545} INFO - Filling up the DagBag from /opt/airflow/dags/sales_dwh_pipeline.py
[2026-04-30T12:31:22.921+0000] {processor.py:840} INFO - DAG(s) 'sales_dwh_pipeline' retrieved from /opt/airflow/dags/sales_dwh_pipeline.py
[2026-04-30T12:31:22.958+0000] {logging_mixin.py:188} INFO - [2026-04-30T12:31:22.957+0000] {dag.py:3096} INFO - Sync 1 DAGs
[2026-04-30T12:31:22.986+0000] {logging_mixin.py:188} INFO - [2026-04-30T12:31:22.985+0000] {dag.py:3954} INFO - Setting next_dagrun for sales_dwh_pipeline to 2026-04-30 02:00:00+00:00, run_after=2026-05-01 02:00:00+00:00
[2026-04-30T12:31:23.012+0000] {processor.py:183} INFO - Processing /opt/airflow/dags/sales_dwh_pipeline.py took 0.134 seconds
[2026-04-30T12:31:54.060+0000] {processor.py:161} INFO - Started process (PID=592) to work on /opt/airflow/dags/sales_dwh_pipeline.py
[2026-04-30T12:31:54.062+0000] {processor.py:830} INFO - Processing file /opt/airflow/dags/sales_dwh_pipeline.py for tasks to queue
[2026-04-30T12:31:54.064+0000] {logging_mixin.py:188} INFO - [2026-04-30T12:31:54.064+0000] {dagbag.py:545} INFO - Filling up the DagBag from /opt/airflow/dags/sales_dwh_pipeline.py
[2026-04-30T12:31:54.093+0000] {processor.py:840} INFO - DAG(s) 'sales_dwh_pipeline' retrieved from /opt/airflow/dags/sales_dwh_pipeline.py
[2026-04-30T12:31:54.133+0000] {logging_mixin.py:188} INFO - [2026-04-30T12:31:54.133+0000] {dag.py:3096} INFO - Sync 1 DAGs
[2026-04-30T12:31:54.164+0000] {logging_mixin.py:188} INFO - [2026-04-30T12:31:54.164+0000] {dag.py:3954} INFO - Setting next_dagrun for sales_dwh_pipeline to 2026-04-30 02:00:00+00:00, run_after=2026-05-01 02:00:00+00:00
[2026-04-30T12:31:54.191+0000] {processor.py:183} INFO - Processing /opt/airflow/dags/sales_dwh_pipeline.py took 0.137 seconds
[2026-04-30T12:32:24.795+0000] {processor.py:161} INFO - Started process (PID=603) to work on /opt/airflow/dags/sales_dwh_pipeline.py
[2026-04-30T12:32:24.797+0000] {processor.py:830} INFO - Processing file /opt/airflow/dags/sales_dwh_pipeline.py for tasks to queue
[2026-04-30T12:32:24.799+0000] {logging_mixin.py:188} INFO - [2026-04-30T12:32:24.799+0000] {dagbag.py:545} INFO - Filling up the DagBag from /opt/airflow/dags/sales_dwh_pipeline.py
[2026-04-30T12:32:24.825+0000] {processor.py:840} INFO - DAG(s) 'sales_dwh_pipeline' retrieved from /opt/airflow/dags/sales_dwh_pipeline.py
[2026-04-30T12:32:24.857+0000] {logging_mixin.py:188} INFO - [2026-04-30T12:32:24.856+0000] {dag.py:3096} INFO - Sync 1 DAGs
[2026-04-30T12:32:24.883+0000] {logging_mixin.py:188} INFO - [2026-04-30T12:32:24.882+0000] {dag.py:3954} INFO - Setting next_dagrun for sales_dwh_pipeline to 2026-04-30 02:00:00+00:00, run_after=2026-05-01 02:00:00+00:00
[2026-04-30T12:32:24.918+0000] {processor.py:183} INFO - Processing /opt/airflow/dags/sales_dwh_pipeline.py took 0.129 seconds
[2026-04-30T12:32:55.563+0000] {processor.py:161} INFO - Started process (PID=614) to work on /opt/airflow/dags/sales_dwh_pipeline.py
[2026-04-30T12:32:55.565+0000] {processor.py:830} INFO - Processing file /opt/airflow/dags/sales_dwh_pipeline.py for tasks to queue
[2026-04-30T12:32:55.567+0000] {logging_mixin.py:188} INFO - [2026-04-30T12:32:55.566+0000] {dagbag.py:545} INFO - Filling up the DagBag from /opt/airflow/dags/sales_dwh_pipeline.py
[2026-04-30T12:32:55.593+0000] {processor.py:840} INFO - DAG(s) 'sales_dwh_pipeline' retrieved from /opt/airflow/dags/sales_dwh_pipeline.py
[2026-04-30T12:32:55.626+0000] {logging_mixin.py:188} INFO - [2026-04-30T12:32:55.626+0000] {dag.py:3096} INFO - Sync 1 DAGs
[2026-04-30T12:32:55.654+0000] {logging_mixin.py:188} INFO - [2026-04-30T12:32:55.654+0000] {dag.py:3954} INFO - Setting next_dagrun for sales_dwh_pipeline to 2026-04-30 02:00:00+00:00, run_after=2026-05-01 02:00:00+00:00
[2026-04-30T12:32:55.678+0000] {processor.py:183} INFO - Processing /opt/airflow/dags/sales_dwh_pipeline.py took 0.121 seconds
[2026-04-30T12:33:26.346+0000] {processor.py:161} INFO - Started process (PID=625) to work on /opt/airflow/dags/sales_dwh_pipeline.py
[2026-04-30T12:33:26.348+0000] {processor.py:830} INFO - Processing file /opt/airflow/dags/sales_dwh_pipeline.py for tasks to queue
[2026-04-30T12:33:26.350+0000] {logging_mixin.py:188} INFO - [2026-04-30T12:33:26.350+0000] {dagbag.py:545} INFO - Filling up the DagBag from /opt/airflow/dags/sales_dwh_pipeline.py
[2026-04-30T12:33:26.381+0000] {processor.py:840} INFO - DAG(s) 'sales_dwh_pipeline' retrieved from /opt/airflow/dags/sales_dwh_pipeline.py
[2026-04-30T12:33:26.417+0000] {logging_mixin.py:188} INFO - [2026-04-30T12:33:26.416+0000] {dag.py:3096} INFO - Sync 1 DAGs
[2026-04-30T12:33:26.445+0000] {logging_mixin.py:188} INFO - [2026-04-30T12:33:26.445+0000] {dag.py:3954} INFO - Setting next_dagrun for sales_dwh_pipeline to 2026-04-30 02:00:00+00:00, run_after=2026-05-01 02:00:00+00:00
[2026-04-30T12:33:26.472+0000] {processor.py:183} INFO - Processing /opt/airflow/dags/sales_dwh_pipeline.py took 0.133 seconds
[2026-04-30T12:33:56.825+0000] {processor.py:161} INFO - Started process (PID=636) to work on /opt/airflow/dags/sales_dwh_pipeline.py
[2026-04-30T12:33:56.826+0000] {processor.py:830} INFO - Processing file /opt/airflow/dags/sales_dwh_pipeline.py for tasks to queue
[2026-04-30T12:33:56.829+0000] {logging_mixin.py:188} INFO - [2026-04-30T12:33:56.829+0000] {dagbag.py:545} INFO - Filling up the DagBag from /opt/airflow/dags/sales_dwh_pipeline.py
[2026-04-30T12:33:56.856+0000] {processor.py:840} INFO - DAG(s) 'sales_dwh_pipeline' retrieved from /opt/airflow/dags/sales_dwh_pipeline.py
[2026-04-30T12:33:56.889+0000] {logging_mixin.py:188} INFO - [2026-04-30T12:33:56.889+0000] {dag.py:3096} INFO - Sync 1 DAGs
[2026-04-30T12:33:56.917+0000] {logging_mixin.py:188} INFO - [2026-04-30T12:33:56.917+0000] {dag.py:3954} INFO - Setting next_dagrun for sales_dwh_pipeline to 2026-04-30 02:00:00+00:00, run_after=2026-05-01 02:00:00+00:00
[2026-04-30T12:33:56.949+0000] {processor.py:183} INFO - Processing /opt/airflow/dags/sales_dwh_pipeline.py took 0.131 seconds
[2026-04-30T12:34:27.785+0000] {processor.py:161} INFO - Started process (PID=647) to work on /opt/airflow/dags/sales_dwh_pipeline.py
[2026-04-30T12:34:27.787+0000] {processor.py:830} INFO - Processing file /opt/airflow/dags/sales_dwh_pipeline.py for tasks to queue
[2026-04-30T12:34:27.790+0000] {logging_mixin.py:188} INFO - [2026-04-30T12:34:27.790+0000] {dagbag.py:545} INFO - Filling up the DagBag from /opt/airflow/dags/sales_dwh_pipeline.py
[2026-04-30T12:34:27.814+0000] {processor.py:840} INFO - DAG(s) 'sales_dwh_pipeline' retrieved from /opt/airflow/dags/sales_dwh_pipeline.py
[2026-04-30T12:34:27.845+0000] {logging_mixin.py:188} INFO - [2026-04-30T12:34:27.845+0000] {dag.py:3096} INFO - Sync 1 DAGs
[2026-04-30T12:34:27.872+0000] {logging_mixin.py:188} INFO - [2026-04-30T12:34:27.871+0000] {dag.py:3954} INFO - Setting next_dagrun for sales_dwh_pipeline to 2026-04-30 02:00:00+00:00, run_after=2026-05-01 02:00:00+00:00
[2026-04-30T12:34:27.908+0000] {processor.py:183} INFO - Processing /opt/airflow/dags/sales_dwh_pipeline.py took 0.129 seconds
[2026-04-30T12:34:58.851+0000] {processor.py:161} INFO - Started process (PID=658) to work on /opt/airflow/dags/sales_dwh_pipeline.py
[2026-04-30T12:34:58.853+0000] {processor.py:830} INFO - Processing file /opt/airflow/dags/sales_dwh_pipeline.py for tasks to queue
[2026-04-30T12:34:58.855+0000] {logging_mixin.py:188} INFO - [2026-04-30T12:34:58.855+0000] {dagbag.py:545} INFO - Filling up the DagBag from /opt/airflow/dags/sales_dwh_pipeline.py
[2026-04-30T12:34:58.879+0000] {processor.py:840} INFO - DAG(s) 'sales_dwh_pipeline' retrieved from /opt/airflow/dags/sales_dwh_pipeline.py
[2026-04-30T12:34:58.915+0000] {logging_mixin.py:188} INFO - [2026-04-30T12:34:58.915+0000] {dag.py:3096} INFO - Sync 1 DAGs
[2026-04-30T12:34:58.941+0000] {logging_mixin.py:188} INFO - [2026-04-30T12:34:58.941+0000] {dag.py:3954} INFO - Setting next_dagrun for sales_dwh_pipeline to 2026-04-30 02:00:00+00:00, run_after=2026-05-01 02:00:00+00:00
[2026-04-30T12:34:58.966+0000] {processor.py:183} INFO - Processing /opt/airflow/dags/sales_dwh_pipeline.py took 0.120 seconds
[2026-04-30T12:35:29.942+0000] {processor.py:161} INFO - Started process (PID=675) to work on /opt/airflow/dags/sales_dwh_pipeline.py
[2026-04-30T12:35:29.943+0000] {processor.py:830} INFO - Processing file /opt/airflow/dags/sales_dwh_pipeline.py for tasks to queue
[2026-04-30T12:35:29.946+0000] {logging_mixin.py:188} INFO - [2026-04-30T12:35:29.946+0000] {dagbag.py:545} INFO - Filling up the DagBag from /opt/airflow/dags/sales_dwh_pipeline.py
[2026-04-30T12:35:29.974+0000] {processor.py:840} INFO - DAG(s) 'sales_dwh_pipeline' retrieved from /opt/airflow/dags/sales_dwh_pipeline.py
[2026-04-30T12:35:30.005+0000] {logging_mixin.py:188} INFO - [2026-04-30T12:35:30.005+0000] {dag.py:3096} INFO - Sync 1 DAGs
[2026-04-30T12:35:30.033+0000] {logging_mixin.py:188} INFO - [2026-04-30T12:35:30.032+0000] {dag.py:3954} INFO - Setting next_dagrun for sales_dwh_pipeline to 2026-04-30 02:00:00+00:00, run_after=2026-05-01 02:00:00+00:00
[2026-04-30T12:35:30.055+0000] {processor.py:183} INFO - Processing /opt/airflow/dags/sales_dwh_pipeline.py took 0.120 seconds
[2026-04-30T12:36:00.749+0000] {processor.py:161} INFO - Started process (PID=687) to work on /opt/airflow/dags/sales_dwh_pipeline.py
[2026-04-30T12:36:00.758+0000] {processor.py:830} INFO - Processing file /opt/airflow/dags/sales_dwh_pipeline.py for tasks to queue
[2026-04-30T12:36:00.791+0000] {logging_mixin.py:188} INFO - [2026-04-30T12:36:00.787+0000] {dagbag.py:545} INFO - Filling up the DagBag from /opt/airflow/dags/sales_dwh_pipeline.py
[2026-04-30T12:36:00.912+0000] {processor.py:840} INFO - DAG(s) 'sales_dwh_pipeline' retrieved from /opt/airflow/dags/sales_dwh_pipeline.py
[2026-04-30T12:36:01.253+0000] {logging_mixin.py:188} INFO - [2026-04-30T12:36:01.252+0000] {dag.py:3096} INFO - Sync 1 DAGs
[2026-04-30T12:36:01.597+0000] {logging_mixin.py:188} INFO - [2026-04-30T12:36:01.596+0000] {dag.py:3954} INFO - Setting next_dagrun for sales_dwh_pipeline to 2026-04-30 02:00:00+00:00, run_after=2026-05-01 02:00:00+00:00
[2026-04-30T12:36:01.732+0000] {processor.py:183} INFO - Processing /opt/airflow/dags/sales_dwh_pipeline.py took 0.988 seconds
[2026-04-30T12:36:32.443+0000] {processor.py:161} INFO - Started process (PID=699) to work on /opt/airflow/dags/sales_dwh_pipeline.py
[2026-04-30T12:36:32.454+0000] {processor.py:830} INFO - Processing file /opt/airflow/dags/sales_dwh_pipeline.py for tasks to queue
[2026-04-30T12:36:32.472+0000] {logging_mixin.py:188} INFO - [2026-04-30T12:36:32.470+0000] {dagbag.py:545} INFO - Filling up the DagBag from /opt/airflow/dags/sales_dwh_pipeline.py
[2026-04-30T12:36:32.540+0000] {processor.py:840} INFO - DAG(s) 'sales_dwh_pipeline' retrieved from /opt/airflow/dags/sales_dwh_pipeline.py
[2026-04-30T12:36:32.659+0000] {logging_mixin.py:188} INFO - [2026-04-30T12:36:32.659+0000] {dag.py:3096} INFO - Sync 1 DAGs
[2026-04-30T12:36:32.722+0000] {logging_mixin.py:188} INFO - [2026-04-30T12:36:32.721+0000] {dag.py:3954} INFO - Setting next_dagrun for sales_dwh_pipeline to 2026-04-30 02:00:00+00:00, run_after=2026-05-01 02:00:00+00:00
[2026-04-30T12:36:32.765+0000] {processor.py:183} INFO - Processing /opt/airflow/dags/sales_dwh_pipeline.py took 0.360 seconds
[2026-04-30T12:37:03.364+0000] {processor.py:161} INFO - Started process (PID=710) to work on /opt/airflow/dags/sales_dwh_pipeline.py
[2026-04-30T12:37:03.365+0000] {processor.py:830} INFO - Processing file /opt/airflow/dags/sales_dwh_pipeline.py for tasks to queue
[2026-04-30T12:37:03.368+0000] {logging_mixin.py:188} INFO - [2026-04-30T12:37:03.368+0000] {dagbag.py:545} INFO - Filling up the DagBag from /opt/airflow/dags/sales_dwh_pipeline.py
[2026-04-30T12:37:03.527+0000] {processor.py:840} INFO - DAG(s) 'sales_dwh_pipeline' retrieved from /opt/airflow/dags/sales_dwh_pipeline.py
[2026-04-30T12:37:03.582+0000] {logging_mixin.py:188} INFO - [2026-04-30T12:37:03.582+0000] {dag.py:3096} INFO - Sync 1 DAGs
[2026-04-30T12:37:03.612+0000] {logging_mixin.py:188} INFO - [2026-04-30T12:37:03.611+0000] {dag.py:3954} INFO - Setting next_dagrun for sales_dwh_pipeline to 2026-04-30 02:00:00+00:00, run_after=2026-05-01 02:00:00+00:00
[2026-04-30T12:37:03.636+0000] {processor.py:183} INFO - Processing /opt/airflow/dags/sales_dwh_pipeline.py took 0.287 seconds
[2026-04-30T12:37:34.247+0000] {processor.py:161} INFO - Started process (PID=721) to work on /opt/airflow/dags/sales_dwh_pipeline.py
[2026-04-30T12:37:34.248+0000] {processor.py:830} INFO - Processing file /opt/airflow/dags/sales_dwh_pipeline.py for tasks to queue
[2026-04-30T12:37:34.250+0000] {logging_mixin.py:188} INFO - [2026-04-30T12:37:34.250+0000] {dagbag.py:545} INFO - Filling up the DagBag from /opt/airflow/dags/sales_dwh_pipeline.py
[2026-04-30T12:37:34.279+0000] {processor.py:840} INFO - DAG(s) 'sales_dwh_pipeline' retrieved from /opt/airflow/dags/sales_dwh_pipeline.py
[2026-04-30T12:37:34.317+0000] {logging_mixin.py:188} INFO - [2026-04-30T12:37:34.317+0000] {dag.py:3096} INFO - Sync 1 DAGs
[2026-04-30T12:37:34.347+0000] {logging_mixin.py:188} INFO - [2026-04-30T12:37:34.347+0000] {dag.py:3954} INFO - Setting next_dagrun for sales_dwh_pipeline to 2026-04-30 02:00:00+00:00, run_after=2026-05-01 02:00:00+00:00
[2026-04-30T12:37:34.375+0000] {processor.py:183} INFO - Processing /opt/airflow/dags/sales_dwh_pipeline.py took 0.135 seconds
[2026-04-30T12:38:04.951+0000] {processor.py:161} INFO - Started process (PID=732) to work on /opt/airflow/dags/sales_dwh_pipeline.py
[2026-04-30T12:38:04.952+0000] {processor.py:830} INFO - Processing file /opt/airflow/dags/sales_dwh_pipeline.py for tasks to queue
[2026-04-30T12:38:04.956+0000] {logging_mixin.py:188} INFO - [2026-04-30T12:38:04.955+0000] {dagbag.py:545} INFO - Filling up the DagBag from /opt/airflow/dags/sales_dwh_pipeline.py
[2026-04-30T12:38:04.989+0000] {processor.py:840} INFO - DAG(s) 'sales_dwh_pipeline' retrieved from /opt/airflow/dags/sales_dwh_pipeline.py
[2026-04-30T12:38:05.033+0000] {logging_mixin.py:188} INFO - [2026-04-30T12:38:05.032+0000] {dag.py:3096} INFO - Sync 1 DAGs
[2026-04-30T12:38:05.067+0000] {logging_mixin.py:188} INFO - [2026-04-30T12:38:05.067+0000] {dag.py:3954} INFO - Setting next_dagrun for sales_dwh_pipeline to 2026-04-30 02:00:00+00:00, run_after=2026-05-01 02:00:00+00:00
[2026-04-30T12:38:05.094+0000] {processor.py:183} INFO - Processing /opt/airflow/dags/sales_dwh_pipeline.py took 0.166 seconds
[2026-04-30T12:38:35.572+0000] {processor.py:161} INFO - Started process (PID=743) to work on /opt/airflow/dags/sales_dwh_pipeline.py
[2026-04-30T12:38:35.573+0000] {processor.py:830} INFO - Processing file /opt/airflow/dags/sales_dwh_pipeline.py for tasks to queue
[2026-04-30T12:38:35.575+0000] {logging_mixin.py:188} INFO - [2026-04-30T12:38:35.575+0000] {dagbag.py:545} INFO - Filling up the DagBag from /opt/airflow/dags/sales_dwh_pipeline.py
[2026-04-30T12:38:35.601+0000] {processor.py:840} INFO - DAG(s) 'sales_dwh_pipeline' retrieved from /opt/airflow/dags/sales_dwh_pipeline.py
[2026-04-30T12:38:35.632+0000] {logging_mixin.py:188} INFO - [2026-04-30T12:38:35.632+0000] {dag.py:3096} INFO - Sync 1 DAGs
[2026-04-30T12:38:35.659+0000] {logging_mixin.py:188} INFO - [2026-04-30T12:38:35.659+0000] {dag.py:3954} INFO - Setting next_dagrun for sales_dwh_pipeline to 2026-04-30 02:00:00+00:00, run_after=2026-05-01 02:00:00+00:00
[2026-04-30T12:38:35.684+0000] {processor.py:183} INFO - Processing /opt/airflow/dags/sales_dwh_pipeline.py took 0.118 seconds
[2026-04-30T12:39:06.217+0000] {processor.py:161} INFO - Started process (PID=754) to work on /opt/airflow/dags/sales_dwh_pipeline.py
[2026-04-30T12:39:06.219+0000] {processor.py:830} INFO - Processing file /opt/airflow/dags/sales_dwh_pipeline.py for tasks to queue
[2026-04-30T12:39:06.222+0000] {logging_mixin.py:188} INFO - [2026-04-30T12:39:06.222+0000] {dagbag.py:545} INFO - Filling up the DagBag from /opt/airflow/dags/sales_dwh_pipeline.py
[2026-04-30T12:39:06.261+0000] {processor.py:840} INFO - DAG(s) 'sales_dwh_pipeline' retrieved from /opt/airflow/dags/sales_dwh_pipeline.py
[2026-04-30T12:39:06.308+0000] {logging_mixin.py:188} INFO - [2026-04-30T12:39:06.307+0000] {dag.py:3096} INFO - Sync 1 DAGs
[2026-04-30T12:39:06.336+0000] {logging_mixin.py:188} INFO - [2026-04-30T12:39:06.335+0000] {dag.py:3954} INFO - Setting next_dagrun for sales_dwh_pipeline to 2026-04-30 02:00:00+00:00, run_after=2026-05-01 02:00:00+00:00
[2026-04-30T12:39:06.362+0000] {processor.py:183} INFO - Processing /opt/airflow/dags/sales_dwh_pipeline.py took 0.155 seconds
[2026-04-30T12:39:36.917+0000] {processor.py:161} INFO - Started process (PID=765) to work on /opt/airflow/dags/sales_dwh_pipeline.py
[2026-04-30T12:39:36.919+0000] {processor.py:830} INFO - Processing file /opt/airflow/dags/sales_dwh_pipeline.py for tasks to queue
[2026-04-30T12:39:36.920+0000] {logging_mixin.py:188} INFO - [2026-04-30T12:39:36.920+0000] {dagbag.py:545} INFO - Filling up the DagBag from /opt/airflow/dags/sales_dwh_pipeline.py
[2026-04-30T12:39:36.951+0000] {processor.py:840} INFO - DAG(s) 'sales_dwh_pipeline' retrieved from /opt/airflow/dags/sales_dwh_pipeline.py
[2026-04-30T12:39:36.991+0000] {logging_mixin.py:188} INFO - [2026-04-30T12:39:36.990+0000] {dag.py:3096} INFO - Sync 1 DAGs
[2026-04-30T12:39:37.022+0000] {logging_mixin.py:188} INFO - [2026-04-30T12:39:37.021+0000] {dag.py:3954} INFO - Setting next_dagrun for sales_dwh_pipeline to 2026-04-30 02:00:00+00:00, run_after=2026-05-01 02:00:00+00:00
[2026-04-30T12:39:37.048+0000] {processor.py:183} INFO - Processing /opt/airflow/dags/sales_dwh_pipeline.py took 0.137 seconds
[2026-04-30T12:40:07.461+0000] {processor.py:161} INFO - Started process (PID=776) to work on /opt/airflow/dags/sales_dwh_pipeline.py
[2026-04-30T12:40:07.462+0000] {processor.py:830} INFO - Processing file /opt/airflow/dags/sales_dwh_pipeline.py for tasks to queue
[2026-04-30T12:40:07.465+0000] {logging_mixin.py:188} INFO - [2026-04-30T12:40:07.465+0000] {dagbag.py:545} INFO - Filling up the DagBag from /opt/airflow/dags/sales_dwh_pipeline.py
[2026-04-30T12:40:07.504+0000] {processor.py:840} INFO - DAG(s) 'sales_dwh_pipeline' retrieved from /opt/airflow/dags/sales_dwh_pipeline.py
[2026-04-30T12:40:07.551+0000] {logging_mixin.py:188} INFO - [2026-04-30T12:40:07.551+0000] {dag.py:3096} INFO - Sync 1 DAGs
[2026-04-30T12:40:07.582+0000] {logging_mixin.py:188} INFO - [2026-04-30T12:40:07.582+0000] {dag.py:3954} INFO - Setting next_dagrun for sales_dwh_pipeline to 2026-04-30 02:00:00+00:00, run_after=2026-05-01 02:00:00+00:00
[2026-04-30T12:40:07.605+0000] {processor.py:183} INFO - Processing /opt/airflow/dags/sales_dwh_pipeline.py took 0.154 seconds
[2026-04-30T12:40:38.251+0000] {processor.py:161} INFO - Started process (PID=787) to work on /opt/airflow/dags/sales_dwh_pipeline.py
[2026-04-30T12:40:38.252+0000] {processor.py:830} INFO - Processing file /opt/airflow/dags/sales_dwh_pipeline.py for tasks to queue
[2026-04-30T12:40:38.254+0000] {logging_mixin.py:188} INFO - [2026-04-30T12:40:38.254+0000] {dagbag.py:545} INFO - Filling up the DagBag from /opt/airflow/dags/sales_dwh_pipeline.py
[2026-04-30T12:40:38.290+0000] {processor.py:840} INFO - DAG(s) 'sales_dwh_pipeline' retrieved from /opt/airflow/dags/sales_dwh_pipeline.py
[2026-04-30T12:40:38.327+0000] {logging_mixin.py:188} INFO - [2026-04-30T12:40:38.327+0000] {dag.py:3096} INFO - Sync 1 DAGs
[2026-04-30T12:40:38.356+0000] {logging_mixin.py:188} INFO - [2026-04-30T12:40:38.356+0000] {dag.py:3954} INFO - Setting next_dagrun for sales_dwh_pipeline to 2026-04-30 02:00:00+00:00, run_after=2026-05-01 02:00:00+00:00
[2026-04-30T12:40:38.383+0000] {processor.py:183} INFO - Processing /opt/airflow/dags/sales_dwh_pipeline.py took 0.138 seconds
[2026-04-30T12:41:08.891+0000] {processor.py:161} INFO - Started process (PID=805) to work on /opt/airflow/dags/sales_dwh_pipeline.py
[2026-04-30T12:41:08.892+0000] {processor.py:830} INFO - Processing file /opt/airflow/dags/sales_dwh_pipeline.py for tasks to queue
[2026-04-30T12:41:08.895+0000] {logging_mixin.py:188} INFO - [2026-04-30T12:41:08.895+0000] {dagbag.py:545} INFO - Filling up the DagBag from /opt/airflow/dags/sales_dwh_pipeline.py
[2026-04-30T12:41:08.931+0000] {processor.py:840} INFO - DAG(s) 'sales_dwh_pipeline' retrieved from /opt/airflow/dags/sales_dwh_pipeline.py
[2026-04-30T12:41:08.977+0000] {logging_mixin.py:188} INFO - [2026-04-30T12:41:08.977+0000] {dag.py:3096} INFO - Sync 1 DAGs
[2026-04-30T12:41:09.006+0000] {logging_mixin.py:188} INFO - [2026-04-30T12:41:09.006+0000] {dag.py:3954} INFO - Setting next_dagrun for sales_dwh_pipeline to 2026-04-30 02:00:00+00:00, run_after=2026-05-01 02:00:00+00:00
[2026-04-30T12:41:09.032+0000] {processor.py:183} INFO - Processing /opt/airflow/dags/sales_dwh_pipeline.py took 0.149 seconds
[2026-04-30T12:41:39.854+0000] {processor.py:161} INFO - Started process (PID=816) to work on /opt/airflow/dags/sales_dwh_pipeline.py
[2026-04-30T12:41:39.855+0000] {processor.py:830} INFO - Processing file /opt/airflow/dags/sales_dwh_pipeline.py for tasks to queue
[2026-04-30T12:41:39.858+0000] {logging_mixin.py:188} INFO - [2026-04-30T12:41:39.858+0000] {dagbag.py:545} INFO - Filling up the DagBag from /opt/airflow/dags/sales_dwh_pipeline.py
[2026-04-30T12:41:39.888+0000] {processor.py:840} INFO - DAG(s) 'sales_dwh_pipeline' retrieved from /opt/airflow/dags/sales_dwh_pipeline.py
[2026-04-30T12:41:39.923+0000] {logging_mixin.py:188} INFO - [2026-04-30T12:41:39.923+0000] {dag.py:3096} INFO - Sync 1 DAGs
[2026-04-30T12:41:39.952+0000] {logging_mixin.py:188} INFO - [2026-04-30T12:41:39.952+0000] {dag.py:3954} INFO - Setting next_dagrun for sales_dwh_pipeline to 2026-04-30 02:00:00+00:00, run_after=2026-05-01 02:00:00+00:00
[2026-04-30T12:41:39.976+0000] {processor.py:183} INFO - Processing /opt/airflow/dags/sales_dwh_pipeline.py took 0.129 seconds
[2026-04-30T12:42:10.387+0000] {processor.py:161} INFO - Started process (PID=828) to work on /opt/airflow/dags/sales_dwh_pipeline.py
[2026-04-30T12:42:10.388+0000] {processor.py:830} INFO - Processing file /opt/airflow/dags/sales_dwh_pipeline.py for tasks to queue
[2026-04-30T12:42:10.392+0000] {logging_mixin.py:188} INFO - [2026-04-30T12:42:10.391+0000] {dagbag.py:545} INFO - Filling up the DagBag from /opt/airflow/dags/sales_dwh_pipeline.py
[2026-04-30T12:42:10.425+0000] {processor.py:840} INFO - DAG(s) 'sales_dwh_pipeline' retrieved from /opt/airflow/dags/sales_dwh_pipeline.py
[2026-04-30T12:42:10.474+0000] {logging_mixin.py:188} INFO - [2026-04-30T12:42:10.473+0000] {dag.py:3096} INFO - Sync 1 DAGs
[2026-04-30T12:42:10.503+0000] {logging_mixin.py:188} INFO - [2026-04-30T12:42:10.502+0000] {dag.py:3954} INFO - Setting next_dagrun for sales_dwh_pipeline to 2026-04-30 02:00:00+00:00, run_after=2026-05-01 02:00:00+00:00
[2026-04-30T12:42:10.530+0000] {processor.py:183} INFO - Processing /opt/airflow/dags/sales_dwh_pipeline.py took 0.162 seconds
[2026-04-30T12:42:41.233+0000] {processor.py:161} INFO - Started process (PID=839) to work on /opt/airflow/dags/sales_dwh_pipeline.py
[2026-04-30T12:42:41.234+0000] {processor.py:830} INFO - Processing file /opt/airflow/dags/sales_dwh_pipeline.py for tasks to queue
[2026-04-30T12:42:41.236+0000] {logging_mixin.py:188} INFO - [2026-04-30T12:42:41.236+0000] {dagbag.py:545} INFO - Filling up the DagBag from /opt/airflow/dags/sales_dwh_pipeline.py
[2026-04-30T12:42:41.268+0000] {processor.py:840} INFO - DAG(s) 'sales_dwh_pipeline' retrieved from /opt/airflow/dags/sales_dwh_pipeline.py
[2026-04-30T12:42:41.306+0000] {logging_mixin.py:188} INFO - [2026-04-30T12:42:41.306+0000] {dag.py:3096} INFO - Sync 1 DAGs
[2026-04-30T12:42:41.335+0000] {logging_mixin.py:188} INFO - [2026-04-30T12:42:41.334+0000] {dag.py:3954} INFO - Setting next_dagrun for sales_dwh_pipeline to 2026-04-30 02:00:00+00:00, run_after=2026-05-01 02:00:00+00:00
[2026-04-30T12:42:41.358+0000] {processor.py:183} INFO - Processing /opt/airflow/dags/sales_dwh_pipeline.py took 0.133 seconds
[2026-04-30T12:43:11.928+0000] {processor.py:161} INFO - Started process (PID=850) to work on /opt/airflow/dags/sales_dwh_pipeline.py
[2026-04-30T12:43:11.930+0000] {processor.py:830} INFO - Processing file /opt/airflow/dags/sales_dwh_pipeline.py for tasks to queue
[2026-04-30T12:43:11.932+0000] {logging_mixin.py:188} INFO - [2026-04-30T12:43:11.932+0000] {dagbag.py:545} INFO - Filling up the DagBag from /opt/airflow/dags/sales_dwh_pipeline.py
[2026-04-30T12:43:11.968+0000] {processor.py:840} INFO - DAG(s) 'sales_dwh_pipeline' retrieved from /opt/airflow/dags/sales_dwh_pipeline.py
[2026-04-30T12:43:12.012+0000] {logging_mixin.py:188} INFO - [2026-04-30T12:43:12.011+0000] {dag.py:3096} INFO - Sync 1 DAGs
[2026-04-30T12:43:12.041+0000] {logging_mixin.py:188} INFO - [2026-04-30T12:43:12.041+0000] {dag.py:3954} INFO - Setting next_dagrun for sales_dwh_pipeline to 2026-04-30 02:00:00+00:00, run_after=2026-05-01 02:00:00+00:00
[2026-04-30T12:43:12.067+0000] {processor.py:183} INFO - Processing /opt/airflow/dags/sales_dwh_pipeline.py took 0.146 seconds
[2026-04-30T12:43:43.064+0000] {processor.py:161} INFO - Started process (PID=861) to work on /opt/airflow/dags/sales_dwh_pipeline.py
[2026-04-30T12:43:43.067+0000] {processor.py:830} INFO - Processing file /opt/airflow/dags/sales_dwh_pipeline.py for tasks to queue
[2026-04-30T12:43:43.072+0000] {logging_mixin.py:188} INFO - [2026-04-30T12:43:43.072+0000] {dagbag.py:545} INFO - Filling up the DagBag from /opt/airflow/dags/sales_dwh_pipeline.py
[2026-04-30T12:43:43.103+0000] {processor.py:840} INFO - DAG(s) 'sales_dwh_pipeline' retrieved from /opt/airflow/dags/sales_dwh_pipeline.py
[2026-04-30T12:43:43.141+0000] {logging_mixin.py:188} INFO - [2026-04-30T12:43:43.141+0000] {dag.py:3096} INFO - Sync 1 DAGs
[2026-04-30T12:43:43.171+0000] {logging_mixin.py:188} INFO - [2026-04-30T12:43:43.170+0000] {dag.py:3954} INFO - Setting next_dagrun for sales_dwh_pipeline to 2026-04-30 02:00:00+00:00, run_after=2026-05-01 02:00:00+00:00
[2026-04-30T12:43:43.195+0000] {processor.py:183} INFO - Processing /opt/airflow/dags/sales_dwh_pipeline.py took 0.142 seconds
[2026-04-30T12:44:13.745+0000] {processor.py:161} INFO - Started process (PID=872) to work on /opt/airflow/dags/sales_dwh_pipeline.py
[2026-04-30T12:44:13.747+0000] {processor.py:830} INFO - Processing file /opt/airflow/dags/sales_dwh_pipeline.py for tasks to queue
[2026-04-30T12:44:13.751+0000] {logging_mixin.py:188} INFO - [2026-04-30T12:44:13.750+0000] {dagbag.py:545} INFO - Filling up the DagBag from /opt/airflow/dags/sales_dwh_pipeline.py
[2026-04-30T12:44:13.796+0000] {processor.py:840} INFO - DAG(s) 'sales_dwh_pipeline' retrieved from /opt/airflow/dags/sales_dwh_pipeline.py
[2026-04-30T12:44:13.847+0000] {logging_mixin.py:188} INFO - [2026-04-30T12:44:13.847+0000] {dag.py:3096} INFO - Sync 1 DAGs
[2026-04-30T12:44:13.876+0000] {logging_mixin.py:188} INFO - [2026-04-30T12:44:13.876+0000] {dag.py:3954} INFO - Setting next_dagrun for sales_dwh_pipeline to 2026-04-30 02:00:00+00:00, run_after=2026-05-01 02:00:00+00:00
[2026-04-30T12:44:13.905+0000] {processor.py:183} INFO - Processing /opt/airflow/dags/sales_dwh_pipeline.py took 0.168 seconds
[2026-04-30T12:44:44.283+0000] {processor.py:161} INFO - Started process (PID=883) to work on /opt/airflow/dags/sales_dwh_pipeline.py
[2026-04-30T12:44:44.285+0000] {processor.py:830} INFO - Processing file /opt/airflow/dags/sales_dwh_pipeline.py for tasks to queue
[2026-04-30T12:44:44.288+0000] {logging_mixin.py:188} INFO - [2026-04-30T12:44:44.287+0000] {dagbag.py:545} INFO - Filling up the DagBag from /opt/airflow/dags/sales_dwh_pipeline.py
[2026-04-30T12:44:44.315+0000] {processor.py:840} INFO - DAG(s) 'sales_dwh_pipeline' retrieved from /opt/airflow/dags/sales_dwh_pipeline.py
[2026-04-30T12:44:44.353+0000] {logging_mixin.py:188} INFO - [2026-04-30T12:44:44.353+0000] {dag.py:3096} INFO - Sync 1 DAGs
[2026-04-30T12:44:44.381+0000] {logging_mixin.py:188} INFO - [2026-04-30T12:44:44.381+0000] {dag.py:3954} INFO - Setting next_dagrun for sales_dwh_pipeline to 2026-04-30 02:00:00+00:00, run_after=2026-05-01 02:00:00+00:00
[2026-04-30T12:44:44.407+0000] {processor.py:183} INFO - Processing /opt/airflow/dags/sales_dwh_pipeline.py took 0.131 seconds
[2026-04-30T12:45:14.932+0000] {processor.py:161} INFO - Started process (PID=894) to work on /opt/airflow/dags/sales_dwh_pipeline.py
[2026-04-30T12:45:14.933+0000] {processor.py:830} INFO - Processing file /opt/airflow/dags/sales_dwh_pipeline.py for tasks to queue
[2026-04-30T12:45:14.937+0000] {logging_mixin.py:188} INFO - [2026-04-30T12:45:14.937+0000] {dagbag.py:545} INFO - Filling up the DagBag from /opt/airflow/dags/sales_dwh_pipeline.py
[2026-04-30T12:45:14.966+0000] {processor.py:840} INFO - DAG(s) 'sales_dwh_pipeline' retrieved from /opt/airflow/dags/sales_dwh_pipeline.py
[2026-04-30T12:45:15.004+0000] {logging_mixin.py:188} INFO - [2026-04-30T12:45:15.003+0000] {dag.py:3096} INFO - Sync 1 DAGs
[2026-04-30T12:45:15.032+0000] {logging_mixin.py:188} INFO - [2026-04-30T12:45:15.031+0000] {dag.py:3954} INFO - Setting next_dagrun for sales_dwh_pipeline to 2026-04-30 02:00:00+00:00, run_after=2026-05-01 02:00:00+00:00
[2026-04-30T12:45:15.060+0000] {processor.py:183} INFO - Processing /opt/airflow/dags/sales_dwh_pipeline.py took 0.136 seconds
[2026-04-30T12:45:45.617+0000] {processor.py:161} INFO - Started process (PID=905) to work on /opt/airflow/dags/sales_dwh_pipeline.py
[2026-04-30T12:45:45.619+0000] {processor.py:830} INFO - Processing file /opt/airflow/dags/sales_dwh_pipeline.py for tasks to queue
[2026-04-30T12:45:45.621+0000] {logging_mixin.py:188} INFO - [2026-04-30T12:45:45.621+0000] {dagbag.py:545} INFO - Filling up the DagBag from /opt/airflow/dags/sales_dwh_pipeline.py
[2026-04-30T12:45:45.651+0000] {processor.py:840} INFO - DAG(s) 'sales_dwh_pipeline' retrieved from /opt/airflow/dags/sales_dwh_pipeline.py
[2026-04-30T12:45:45.689+0000] {logging_mixin.py:188} INFO - [2026-04-30T12:45:45.688+0000] {dag.py:3096} INFO - Sync 1 DAGs
[2026-04-30T12:45:45.718+0000] {logging_mixin.py:188} INFO - [2026-04-30T12:45:45.718+0000] {dag.py:3954} INFO - Setting next_dagrun for sales_dwh_pipeline to 2026-04-30 02:00:00+00:00, run_after=2026-05-01 02:00:00+00:00
[2026-04-30T12:45:45.745+0000] {processor.py:183} INFO - Processing /opt/airflow/dags/sales_dwh_pipeline.py took 0.137 seconds
[2026-04-30T12:46:16.335+0000] {processor.py:161} INFO - Started process (PID=916) to work on /opt/airflow/dags/sales_dwh_pipeline.py
[2026-04-30T12:46:16.336+0000] {processor.py:830} INFO - Processing file /opt/airflow/dags/sales_dwh_pipeline.py for tasks to queue
[2026-04-30T12:46:16.339+0000] {logging_mixin.py:188} INFO - [2026-04-30T12:46:16.338+0000] {dagbag.py:545} INFO - Filling up the DagBag from /opt/airflow/dags/sales_dwh_pipeline.py
[2026-04-30T12:46:16.377+0000] {processor.py:840} INFO - DAG(s) 'sales_dwh_pipeline' retrieved from /opt/airflow/dags/sales_dwh_pipeline.py
[2026-04-30T12:46:16.423+0000] {logging_mixin.py:188} INFO - [2026-04-30T12:46:16.423+0000] {dag.py:3096} INFO - Sync 1 DAGs
[2026-04-30T12:46:16.457+0000] {logging_mixin.py:188} INFO - [2026-04-30T12:46:16.457+0000] {dag.py:3954} INFO - Setting next_dagrun for sales_dwh_pipeline to 2026-04-30 02:00:00+00:00, run_after=2026-05-01 02:00:00+00:00
[2026-04-30T12:46:16.485+0000] {processor.py:183} INFO - Processing /opt/airflow/dags/sales_dwh_pipeline.py took 0.171 seconds
[2026-04-30T12:46:46.965+0000] {processor.py:161} INFO - Started process (PID=927) to work on /opt/airflow/dags/sales_dwh_pipeline.py
[2026-04-30T12:46:46.966+0000] {processor.py:830} INFO - Processing file /opt/airflow/dags/sales_dwh_pipeline.py for tasks to queue
[2026-04-30T12:46:46.969+0000] {logging_mixin.py:188} INFO - [2026-04-30T12:46:46.968+0000] {dagbag.py:545} INFO - Filling up the DagBag from /opt/airflow/dags/sales_dwh_pipeline.py
[2026-04-30T12:46:46.996+0000] {processor.py:840} INFO - DAG(s) 'sales_dwh_pipeline' retrieved from /opt/airflow/dags/sales_dwh_pipeline.py
[2026-04-30T12:46:47.034+0000] {logging_mixin.py:188} INFO - [2026-04-30T12:46:47.033+0000] {dag.py:3096} INFO - Sync 1 DAGs
[2026-04-30T12:46:47.064+0000] {logging_mixin.py:188} INFO - [2026-04-30T12:46:47.063+0000] {dag.py:3954} INFO - Setting next_dagrun for sales_dwh_pipeline to 2026-04-30 02:00:00+00:00, run_after=2026-05-01 02:00:00+00:00
[2026-04-30T12:46:47.099+0000] {processor.py:183} INFO - Processing /opt/airflow/dags/sales_dwh_pipeline.py took 0.140 seconds
[2026-04-30T12:47:17.634+0000] {processor.py:161} INFO - Started process (PID=944) to work on /opt/airflow/dags/sales_dwh_pipeline.py
[2026-04-30T12:47:17.636+0000] {processor.py:830} INFO - Processing file /opt/airflow/dags/sales_dwh_pipeline.py for tasks to queue
[2026-04-30T12:47:17.639+0000] {logging_mixin.py:188} INFO - [2026-04-30T12:47:17.639+0000] {dagbag.py:545} INFO - Filling up the DagBag from /opt/airflow/dags/sales_dwh_pipeline.py
[2026-04-30T12:47:17.679+0000] {processor.py:840} INFO - DAG(s) 'sales_dwh_pipeline' retrieved from /opt/airflow/dags/sales_dwh_pipeline.py
[2026-04-30T12:47:17.724+0000] {logging_mixin.py:188} INFO - [2026-04-30T12:47:17.723+0000] {dag.py:3096} INFO - Sync 1 DAGs
[2026-04-30T12:47:17.753+0000] {logging_mixin.py:188} INFO - [2026-04-30T12:47:17.753+0000] {dag.py:3954} INFO - Setting next_dagrun for sales_dwh_pipeline to 2026-04-30 02:00:00+00:00, run_after=2026-05-01 02:00:00+00:00
[2026-04-30T12:47:17.781+0000] {processor.py:183} INFO - Processing /opt/airflow/dags/sales_dwh_pipeline.py took 0.168 seconds
[2026-04-30T12:47:48.136+0000] {processor.py:161} INFO - Started process (PID=955) to work on /opt/airflow/dags/sales_dwh_pipeline.py
[2026-04-30T12:47:48.138+0000] {processor.py:830} INFO - Processing file /opt/airflow/dags/sales_dwh_pipeline.py for tasks to queue
[2026-04-30T12:47:48.140+0000] {logging_mixin.py:188} INFO - [2026-04-30T12:47:48.140+0000] {dagbag.py:545} INFO - Filling up the DagBag from /opt/airflow/dags/sales_dwh_pipeline.py
[2026-04-30T12:47:48.172+0000] {processor.py:840} INFO - DAG(s) 'sales_dwh_pipeline' retrieved from /opt/airflow/dags/sales_dwh_pipeline.py
[2026-04-30T12:47:48.217+0000] {logging_mixin.py:188} INFO - [2026-04-30T12:47:48.216+0000] {dag.py:3096} INFO - Sync 1 DAGs
[2026-04-30T12:47:48.242+0000] {logging_mixin.py:188} INFO - [2026-04-30T12:47:48.242+0000] {dag.py:3954} INFO - Setting next_dagrun for sales_dwh_pipeline to 2026-04-30 02:00:00+00:00, run_after=2026-05-01 02:00:00+00:00
[2026-04-30T12:47:48.272+0000] {processor.py:183} INFO - Processing /opt/airflow/dags/sales_dwh_pipeline.py took 0.147 seconds
[2026-04-30T12:48:19.230+0000] {processor.py:161} INFO - Started process (PID=966) to work on /opt/airflow/dags/sales_dwh_pipeline.py
[2026-04-30T12:48:19.232+0000] {processor.py:830} INFO - Processing file /opt/airflow/dags/sales_dwh_pipeline.py for tasks to queue
[2026-04-30T12:48:19.235+0000] {logging_mixin.py:188} INFO - [2026-04-30T12:48:19.234+0000] {dagbag.py:545} INFO - Filling up the DagBag from /opt/airflow/dags/sales_dwh_pipeline.py
[2026-04-30T12:48:19.262+0000] {processor.py:840} INFO - DAG(s) 'sales_dwh_pipeline' retrieved from /opt/airflow/dags/sales_dwh_pipeline.py
[2026-04-30T12:48:19.301+0000] {logging_mixin.py:188} INFO - [2026-04-30T12:48:19.300+0000] {dag.py:3096} INFO - Sync 1 DAGs
[2026-04-30T12:48:19.330+0000] {logging_mixin.py:188} INFO - [2026-04-30T12:48:19.330+0000] {dag.py:3954} INFO - Setting next_dagrun for sales_dwh_pipeline to 2026-04-30 02:00:00+00:00, run_after=2026-05-01 02:00:00+00:00
[2026-04-30T12:48:19.356+0000] {processor.py:183} INFO - Processing /opt/airflow/dags/sales_dwh_pipeline.py took 0.132 seconds
[2026-04-30T12:48:50.327+0000] {processor.py:161} INFO - Started process (PID=978) to work on /opt/airflow/dags/sales_dwh_pipeline.py
[2026-04-30T12:48:50.329+0000] {processor.py:830} INFO - Processing file /opt/airflow/dags/sales_dwh_pipeline.py for tasks to queue
[2026-04-30T12:48:50.333+0000] {logging_mixin.py:188} INFO - [2026-04-30T12:48:50.332+0000] {dagbag.py:545} INFO - Filling up the DagBag from /opt/airflow/dags/sales_dwh_pipeline.py
[2026-04-30T12:48:50.372+0000] {processor.py:840} INFO - DAG(s) 'sales_dwh_pipeline' retrieved from /opt/airflow/dags/sales_dwh_pipeline.py
[2026-04-30T12:48:50.420+0000] {logging_mixin.py:188} INFO - [2026-04-30T12:48:50.420+0000] {dag.py:3096} INFO - Sync 1 DAGs
[2026-04-30T12:48:50.449+0000] {logging_mixin.py:188} INFO - [2026-04-30T12:48:50.449+0000] {dag.py:3954} INFO - Setting next_dagrun for sales_dwh_pipeline to 2026-04-30 02:00:00+00:00, run_after=2026-05-01 02:00:00+00:00
[2026-04-30T12:48:50.482+0000] {processor.py:183} INFO - Processing /opt/airflow/dags/sales_dwh_pipeline.py took 0.169 seconds
[2026-04-30T12:49:21.343+0000] {processor.py:161} INFO - Started process (PID=989) to work on /opt/airflow/dags/sales_dwh_pipeline.py
[2026-04-30T12:49:21.344+0000] {processor.py:830} INFO - Processing file /opt/airflow/dags/sales_dwh_pipeline.py for tasks to queue
[2026-04-30T12:49:21.347+0000] {logging_mixin.py:188} INFO - [2026-04-30T12:49:21.347+0000] {dagbag.py:545} INFO - Filling up the DagBag from /opt/airflow/dags/sales_dwh_pipeline.py
[2026-04-30T12:49:21.377+0000] {processor.py:840} INFO - DAG(s) 'sales_dwh_pipeline' retrieved from /opt/airflow/dags/sales_dwh_pipeline.py
[2026-04-30T12:49:21.413+0000] {logging_mixin.py:188} INFO - [2026-04-30T12:49:21.412+0000] {dag.py:3096} INFO - Sync 1 DAGs
[2026-04-30T12:49:21.443+0000] {logging_mixin.py:188} INFO - [2026-04-30T12:49:21.442+0000] {dag.py:3954} INFO - Setting next_dagrun for sales_dwh_pipeline to 2026-04-30 02:00:00+00:00, run_after=2026-05-01 02:00:00+00:00
[2026-04-30T12:49:21.480+0000] {processor.py:183} INFO - Processing /opt/airflow/dags/sales_dwh_pipeline.py took 0.143 seconds
[2026-04-30T12:49:52.079+0000] {processor.py:161} INFO - Started process (PID=1000) to work on /opt/airflow/dags/sales_dwh_pipeline.py
[2026-04-30T12:49:52.080+0000] {processor.py:830} INFO - Processing file /opt/airflow/dags/sales_dwh_pipeline.py for tasks to queue
[2026-04-30T12:49:52.084+0000] {logging_mixin.py:188} INFO - [2026-04-30T12:49:52.083+0000] {dagbag.py:545} INFO - Filling up the DagBag from /opt/airflow/dags/sales_dwh_pipeline.py
[2026-04-30T12:49:52.110+0000] {processor.py:840} INFO - DAG(s) 'sales_dwh_pipeline' retrieved from /opt/airflow/dags/sales_dwh_pipeline.py
[2026-04-30T12:49:52.146+0000] {logging_mixin.py:188} INFO - [2026-04-30T12:49:52.146+0000] {dag.py:3096} INFO - Sync 1 DAGs
[2026-04-30T12:49:52.176+0000] {logging_mixin.py:188} INFO - [2026-04-30T12:49:52.176+0000] {dag.py:3954} INFO - Setting next_dagrun for sales_dwh_pipeline to 2026-04-30 02:00:00+00:00, run_after=2026-05-01 02:00:00+00:00
[2026-04-30T12:49:52.204+0000] {processor.py:183} INFO - Processing /opt/airflow/dags/sales_dwh_pipeline.py took 0.130 seconds
[2026-04-30T12:50:22.840+0000] {processor.py:161} INFO - Started process (PID=1011) to work on /opt/airflow/dags/sales_dwh_pipeline.py
[2026-04-30T12:50:22.841+0000] {processor.py:830} INFO - Processing file /opt/airflow/dags/sales_dwh_pipeline.py for tasks to queue
[2026-04-30T12:50:22.847+0000] {logging_mixin.py:188} INFO - [2026-04-30T12:50:22.846+0000] {dagbag.py:545} INFO - Filling up the DagBag from /opt/airflow/dags/sales_dwh_pipeline.py
[2026-04-30T12:50:22.897+0000] {processor.py:840} INFO - DAG(s) 'sales_dwh_pipeline' retrieved from /opt/airflow/dags/sales_dwh_pipeline.py
[2026-04-30T12:50:22.952+0000] {logging_mixin.py:188} INFO - [2026-04-30T12:50:22.951+0000] {dag.py:3096} INFO - Sync 1 DAGs
[2026-04-30T12:50:22.989+0000] {logging_mixin.py:188} INFO - [2026-04-30T12:50:22.989+0000] {dag.py:3954} INFO - Setting next_dagrun for sales_dwh_pipeline to 2026-04-30 02:00:00+00:00, run_after=2026-05-01 02:00:00+00:00
[2026-04-30T12:50:23.016+0000] {processor.py:183} INFO - Processing /opt/airflow/dags/sales_dwh_pipeline.py took 0.188 seconds
[2026-04-30T12:50:53.557+0000] {processor.py:161} INFO - Started process (PID=1023) to work on /opt/airflow/dags/sales_dwh_pipeline.py
[2026-04-30T12:50:53.559+0000] {processor.py:830} INFO - Processing file /opt/airflow/dags/sales_dwh_pipeline.py for tasks to queue
[2026-04-30T12:50:53.563+0000] {logging_mixin.py:188} INFO - [2026-04-30T12:50:53.562+0000] {dagbag.py:545} INFO - Filling up the DagBag from /opt/airflow/dags/sales_dwh_pipeline.py
[2026-04-30T12:50:53.628+0000] {processor.py:840} INFO - DAG(s) 'sales_dwh_pipeline' retrieved from /opt/airflow/dags/sales_dwh_pipeline.py
[2026-04-30T12:50:53.705+0000] {logging_mixin.py:188} INFO - [2026-04-30T12:50:53.705+0000] {dag.py:3096} INFO - Sync 1 DAGs
[2026-04-30T12:50:53.745+0000] {logging_mixin.py:188} INFO - [2026-04-30T12:50:53.745+0000] {dag.py:3954} INFO - Setting next_dagrun for sales_dwh_pipeline to 2026-04-30 02:00:00+00:00, run_after=2026-05-01 02:00:00+00:00
[2026-04-30T12:50:53.776+0000] {processor.py:183} INFO - Processing /opt/airflow/dags/sales_dwh_pipeline.py took 0.227 seconds
[2026-04-30T12:51:24.324+0000] {processor.py:161} INFO - Started process (PID=1034) to work on /opt/airflow/dags/sales_dwh_pipeline.py
[2026-04-30T12:51:24.325+0000] {processor.py:830} INFO - Processing file /opt/airflow/dags/sales_dwh_pipeline.py for tasks to queue
[2026-04-30T12:51:24.329+0000] {logging_mixin.py:188} INFO - [2026-04-30T12:51:24.328+0000] {dagbag.py:545} INFO - Filling up the DagBag from /opt/airflow/dags/sales_dwh_pipeline.py
[2026-04-30T12:51:24.366+0000] {processor.py:840} INFO - DAG(s) 'sales_dwh_pipeline' retrieved from /opt/airflow/dags/sales_dwh_pipeline.py
[2026-04-30T12:51:24.409+0000] {logging_mixin.py:188} INFO - [2026-04-30T12:51:24.408+0000] {dag.py:3096} INFO - Sync 1 DAGs
[2026-04-30T12:51:24.436+0000] {logging_mixin.py:188} INFO - [2026-04-30T12:51:24.435+0000] {dag.py:3954} INFO - Setting next_dagrun for sales_dwh_pipeline to 2026-04-30 02:00:00+00:00, run_after=2026-05-01 02:00:00+00:00
[2026-04-30T12:51:24.459+0000] {processor.py:183} INFO - Processing /opt/airflow/dags/sales_dwh_pipeline.py took 0.144 seconds
[2026-04-30T12:51:55.140+0000] {processor.py:161} INFO - Started process (PID=1045) to work on /opt/airflow/dags/sales_dwh_pipeline.py
[2026-04-30T12:51:55.142+0000] {processor.py:830} INFO - Processing file /opt/airflow/dags/sales_dwh_pipeline.py for tasks to queue
[2026-04-30T12:51:55.144+0000] {logging_mixin.py:188} INFO - [2026-04-30T12:51:55.144+0000] {dagbag.py:545} INFO - Filling up the DagBag from /opt/airflow/dags/sales_dwh_pipeline.py
[2026-04-30T12:51:55.174+0000] {processor.py:840} INFO - DAG(s) 'sales_dwh_pipeline' retrieved from /opt/airflow/dags/sales_dwh_pipeline.py
[2026-04-30T12:51:55.213+0000] {logging_mixin.py:188} INFO - [2026-04-30T12:51:55.212+0000] {dag.py:3096} INFO - Sync 1 DAGs
[2026-04-30T12:51:55.240+0000] {logging_mixin.py:188} INFO - [2026-04-30T12:51:55.240+0000] {dag.py:3954} INFO - Setting next_dagrun for sales_dwh_pipeline to 2026-04-30 02:00:00+00:00, run_after=2026-05-01 02:00:00+00:00
[2026-04-30T12:51:55.264+0000] {processor.py:183} INFO - Processing /opt/airflow/dags/sales_dwh_pipeline.py took 0.131 seconds
[2026-04-30T12:52:25.807+0000] {processor.py:161} INFO - Started process (PID=1056) to work on /opt/airflow/dags/sales_dwh_pipeline.py
[2026-04-30T12:52:25.808+0000] {processor.py:830} INFO - Processing file /opt/airflow/dags/sales_dwh_pipeline.py for tasks to queue
[2026-04-30T12:52:25.811+0000] {logging_mixin.py:188} INFO - [2026-04-30T12:52:25.810+0000] {dagbag.py:545} INFO - Filling up the DagBag from /opt/airflow/dags/sales_dwh_pipeline.py
[2026-04-30T12:52:25.845+0000] {processor.py:840} INFO - DAG(s) 'sales_dwh_pipeline' retrieved from /opt/airflow/dags/sales_dwh_pipeline.py
[2026-04-30T12:52:25.890+0000] {logging_mixin.py:188} INFO - [2026-04-30T12:52:25.889+0000] {dag.py:3096} INFO - Sync 1 DAGs
[2026-04-30T12:52:25.917+0000] {logging_mixin.py:188} INFO - [2026-04-30T12:52:25.917+0000] {dag.py:3954} INFO - Setting next_dagrun for sales_dwh_pipeline to 2026-04-30 02:00:00+00:00, run_after=2026-05-01 02:00:00+00:00
[2026-04-30T12:52:25.942+0000] {processor.py:183} INFO - Processing /opt/airflow/dags/sales_dwh_pipeline.py took 0.142 seconds
[2026-04-30T12:52:56.575+0000] {processor.py:161} INFO - Started process (PID=1073) to work on /opt/airflow/dags/sales_dwh_pipeline.py
[2026-04-30T12:52:56.576+0000] {processor.py:830} INFO - Processing file /opt/airflow/dags/sales_dwh_pipeline.py for tasks to queue
[2026-04-30T12:52:56.579+0000] {logging_mixin.py:188} INFO - [2026-04-30T12:52:56.579+0000] {dagbag.py:545} INFO - Filling up the DagBag from /opt/airflow/dags/sales_dwh_pipeline.py
[2026-04-30T12:52:56.616+0000] {processor.py:840} INFO - DAG(s) 'sales_dwh_pipeline' retrieved from /opt/airflow/dags/sales_dwh_pipeline.py
[2026-04-30T12:52:56.659+0000] {logging_mixin.py:188} INFO - [2026-04-30T12:52:56.659+0000] {dag.py:3096} INFO - Sync 1 DAGs
[2026-04-30T12:52:56.685+0000] {logging_mixin.py:188} INFO - [2026-04-30T12:52:56.685+0000] {dag.py:3954} INFO - Setting next_dagrun for sales_dwh_pipeline to 2026-04-30 02:00:00+00:00, run_after=2026-05-01 02:00:00+00:00
[2026-04-30T12:52:56.706+0000] {processor.py:183} INFO - Processing /opt/airflow/dags/sales_dwh_pipeline.py took 0.137 seconds
[2026-04-30T12:53:27.250+0000] {processor.py:161} INFO - Started process (PID=1084) to work on /opt/airflow/dags/sales_dwh_pipeline.py
[2026-04-30T12:53:27.251+0000] {processor.py:830} INFO - Processing file /opt/airflow/dags/sales_dwh_pipeline.py for tasks to queue
[2026-04-30T12:53:27.254+0000] {logging_mixin.py:188} INFO - [2026-04-30T12:53:27.254+0000] {dagbag.py:545} INFO - Filling up the DagBag from /opt/airflow/dags/sales_dwh_pipeline.py
[2026-04-30T12:53:27.281+0000] {processor.py:840} INFO - DAG(s) 'sales_dwh_pipeline' retrieved from /opt/airflow/dags/sales_dwh_pipeline.py
[2026-04-30T12:53:27.320+0000] {logging_mixin.py:188} INFO - [2026-04-30T12:53:27.319+0000] {dag.py:3096} INFO - Sync 1 DAGs
[2026-04-30T12:53:27.347+0000] {logging_mixin.py:188} INFO - [2026-04-30T12:53:27.346+0000] {dag.py:3954} INFO - Setting next_dagrun for sales_dwh_pipeline to 2026-04-30 02:00:00+00:00, run_after=2026-05-01 02:00:00+00:00
[2026-04-30T12:53:27.369+0000] {processor.py:183} INFO - Processing /opt/airflow/dags/sales_dwh_pipeline.py took 0.127 seconds
[2026-04-30T12:53:58.054+0000] {processor.py:161} INFO - Started process (PID=1095) to work on /opt/airflow/dags/sales_dwh_pipeline.py
[2026-04-30T12:53:58.055+0000] {processor.py:830} INFO - Processing file /opt/airflow/dags/sales_dwh_pipeline.py for tasks to queue
[2026-04-30T12:53:58.059+0000] {logging_mixin.py:188} INFO - [2026-04-30T12:53:58.058+0000] {dagbag.py:545} INFO - Filling up the DagBag from /opt/airflow/dags/sales_dwh_pipeline.py
[2026-04-30T12:53:58.095+0000] {processor.py:840} INFO - DAG(s) 'sales_dwh_pipeline' retrieved from /opt/airflow/dags/sales_dwh_pipeline.py
[2026-04-30T12:53:58.137+0000] {logging_mixin.py:188} INFO - [2026-04-30T12:53:58.137+0000] {dag.py:3096} INFO - Sync 1 DAGs
[2026-04-30T12:53:58.167+0000] {logging_mixin.py:188} INFO - [2026-04-30T12:53:58.166+0000] {dag.py:3954} INFO - Setting next_dagrun for sales_dwh_pipeline to 2026-04-30 02:00:00+00:00, run_after=2026-05-01 02:00:00+00:00
[2026-04-30T12:53:58.195+0000] {processor.py:183} INFO - Processing /opt/airflow/dags/sales_dwh_pipeline.py took 0.148 seconds
[2026-04-30T12:54:28.610+0000] {processor.py:161} INFO - Started process (PID=1106) to work on /opt/airflow/dags/sales_dwh_pipeline.py
[2026-04-30T12:54:28.612+0000] {processor.py:830} INFO - Processing file /opt/airflow/dags/sales_dwh_pipeline.py for tasks to queue
[2026-04-30T12:54:28.615+0000] {logging_mixin.py:188} INFO - [2026-04-30T12:54:28.614+0000] {dagbag.py:545} INFO - Filling up the DagBag from /opt/airflow/dags/sales_dwh_pipeline.py
[2026-04-30T12:54:28.645+0000] {processor.py:840} INFO - DAG(s) 'sales_dwh_pipeline' retrieved from /opt/airflow/dags/sales_dwh_pipeline.py
[2026-04-30T12:54:28.686+0000] {logging_mixin.py:188} INFO - [2026-04-30T12:54:28.686+0000] {dag.py:3096} INFO - Sync 1 DAGs
[2026-04-30T12:54:28.715+0000] {logging_mixin.py:188} INFO - [2026-04-30T12:54:28.715+0000] {dag.py:3954} INFO - Setting next_dagrun for sales_dwh_pipeline to 2026-04-30 02:00:00+00:00, run_after=2026-05-01 02:00:00+00:00
[2026-04-30T12:54:28.738+0000] {processor.py:183} INFO - Processing /opt/airflow/dags/sales_dwh_pipeline.py took 0.136 seconds
[2026-04-30T12:54:59.474+0000] {processor.py:161} INFO - Started process (PID=1117) to work on /opt/airflow/dags/sales_dwh_pipeline.py
[2026-04-30T12:54:59.476+0000] {processor.py:830} INFO - Processing file /opt/airflow/dags/sales_dwh_pipeline.py for tasks to queue
[2026-04-30T12:54:59.479+0000] {logging_mixin.py:188} INFO - [2026-04-30T12:54:59.479+0000] {dagbag.py:545} INFO - Filling up the DagBag from /opt/airflow/dags/sales_dwh_pipeline.py
[2026-04-30T12:54:59.523+0000] {processor.py:840} INFO - DAG(s) 'sales_dwh_pipeline' retrieved from /opt/airflow/dags/sales_dwh_pipeline.py
[2026-04-30T12:54:59.570+0000] {logging_mixin.py:188} INFO - [2026-04-30T12:54:59.570+0000] {dag.py:3096} INFO - Sync 1 DAGs
[2026-04-30T12:54:59.602+0000] {logging_mixin.py:188} INFO - [2026-04-30T12:54:59.602+0000] {dag.py:3954} INFO - Setting next_dagrun for sales_dwh_pipeline to 2026-04-30 02:00:00+00:00, run_after=2026-05-01 02:00:00+00:00
[2026-04-30T12:54:59.627+0000] {processor.py:183} INFO - Processing /opt/airflow/dags/sales_dwh_pipeline.py took 0.160 seconds
[2026-04-30T12:55:30.237+0000] {processor.py:161} INFO - Started process (PID=1128) to work on /opt/airflow/dags/sales_dwh_pipeline.py
[2026-04-30T12:55:30.239+0000] {processor.py:830} INFO - Processing file /opt/airflow/dags/sales_dwh_pipeline.py for tasks to queue
[2026-04-30T12:55:30.242+0000] {logging_mixin.py:188} INFO - [2026-04-30T12:55:30.242+0000] {dagbag.py:545} INFO - Filling up the DagBag from /opt/airflow/dags/sales_dwh_pipeline.py
[2026-04-30T12:55:30.271+0000] {processor.py:840} INFO - DAG(s) 'sales_dwh_pipeline' retrieved from /opt/airflow/dags/sales_dwh_pipeline.py
[2026-04-30T12:55:30.311+0000] {logging_mixin.py:188} INFO - [2026-04-30T12:55:30.310+0000] {dag.py:3096} INFO - Sync 1 DAGs
[2026-04-30T12:55:30.339+0000] {logging_mixin.py:188} INFO - [2026-04-30T12:55:30.339+0000] {dag.py:3954} INFO - Setting next_dagrun for sales_dwh_pipeline to 2026-04-30 02:00:00+00:00, run_after=2026-05-01 02:00:00+00:00
[2026-04-30T12:55:30.363+0000] {processor.py:183} INFO - Processing /opt/airflow/dags/sales_dwh_pipeline.py took 0.131 seconds
[2026-04-30T12:56:00.794+0000] {processor.py:161} INFO - Started process (PID=1139) to work on /opt/airflow/dags/sales_dwh_pipeline.py
[2026-04-30T12:56:00.796+0000] {processor.py:830} INFO - Processing file /opt/airflow/dags/sales_dwh_pipeline.py for tasks to queue
[2026-04-30T12:56:00.799+0000] {logging_mixin.py:188} INFO - [2026-04-30T12:56:00.798+0000] {dagbag.py:545} INFO - Filling up the DagBag from /opt/airflow/dags/sales_dwh_pipeline.py
[2026-04-30T12:56:00.837+0000] {processor.py:840} INFO - DAG(s) 'sales_dwh_pipeline' retrieved from /opt/airflow/dags/sales_dwh_pipeline.py
[2026-04-30T12:56:00.885+0000] {logging_mixin.py:188} INFO - [2026-04-30T12:56:00.884+0000] {dag.py:3096} INFO - Sync 1 DAGs
[2026-04-30T12:56:00.914+0000] {logging_mixin.py:188} INFO - [2026-04-30T12:56:00.914+0000] {dag.py:3954} INFO - Setting next_dagrun for sales_dwh_pipeline to 2026-04-30 02:00:00+00:00, run_after=2026-05-01 02:00:00+00:00
[2026-04-30T12:56:00.941+0000] {processor.py:183} INFO - Processing /opt/airflow/dags/sales_dwh_pipeline.py took 0.170 seconds
[2026-04-30T12:56:31.790+0000] {processor.py:161} INFO - Started process (PID=1150) to work on /opt/airflow/dags/sales_dwh_pipeline.py
[2026-04-30T12:56:31.792+0000] {processor.py:830} INFO - Processing file /opt/airflow/dags/sales_dwh_pipeline.py for tasks to queue
[2026-04-30T12:56:31.794+0000] {logging_mixin.py:188} INFO - [2026-04-30T12:56:31.794+0000] {dagbag.py:545} INFO - Filling up the DagBag from /opt/airflow/dags/sales_dwh_pipeline.py
[2026-04-30T12:56:31.823+0000] {processor.py:840} INFO - DAG(s) 'sales_dwh_pipeline' retrieved from /opt/airflow/dags/sales_dwh_pipeline.py
[2026-04-30T12:56:31.860+0000] {logging_mixin.py:188} INFO - [2026-04-30T12:56:31.859+0000] {dag.py:3096} INFO - Sync 1 DAGs
[2026-04-30T12:56:31.888+0000] {logging_mixin.py:188} INFO - [2026-04-30T12:56:31.887+0000] {dag.py:3954} INFO - Setting next_dagrun for sales_dwh_pipeline to 2026-04-30 02:00:00+00:00, run_after=2026-05-01 02:00:00+00:00
[2026-04-30T12:56:31.926+0000] {processor.py:183} INFO - Processing /opt/airflow/dags/sales_dwh_pipeline.py took 0.143 seconds
[2026-04-30T12:57:02.762+0000] {processor.py:161} INFO - Started process (PID=1161) to work on /opt/airflow/dags/sales_dwh_pipeline.py
[2026-04-30T12:57:02.763+0000] {processor.py:830} INFO - Processing file /opt/airflow/dags/sales_dwh_pipeline.py for tasks to queue
[2026-04-30T12:57:02.766+0000] {logging_mixin.py:188} INFO - [2026-04-30T12:57:02.765+0000] {dagbag.py:545} INFO - Filling up the DagBag from /opt/airflow/dags/sales_dwh_pipeline.py
[2026-04-30T12:57:02.801+0000] {processor.py:840} INFO - DAG(s) 'sales_dwh_pipeline' retrieved from /opt/airflow/dags/sales_dwh_pipeline.py
[2026-04-30T12:57:02.841+0000] {logging_mixin.py:188} INFO - [2026-04-30T12:57:02.841+0000] {dag.py:3096} INFO - Sync 1 DAGs
[2026-04-30T12:57:02.866+0000] {logging_mixin.py:188} INFO - [2026-04-30T12:57:02.866+0000] {dag.py:3954} INFO - Setting next_dagrun for sales_dwh_pipeline to 2026-04-30 02:00:00+00:00, run_after=2026-05-01 02:00:00+00:00
[2026-04-30T12:57:02.887+0000] {processor.py:183} INFO - Processing /opt/airflow/dags/sales_dwh_pipeline.py took 0.146 seconds
[2026-04-30T12:57:33.593+0000] {processor.py:161} INFO - Started process (PID=1172) to work on /opt/airflow/dags/sales_dwh_pipeline.py
[2026-04-30T12:57:33.594+0000] {processor.py:830} INFO - Processing file /opt/airflow/dags/sales_dwh_pipeline.py for tasks to queue
[2026-04-30T12:57:33.597+0000] {logging_mixin.py:188} INFO - [2026-04-30T12:57:33.596+0000] {dagbag.py:545} INFO - Filling up the DagBag from /opt/airflow/dags/sales_dwh_pipeline.py
[2026-04-30T12:57:33.625+0000] {processor.py:840} INFO - DAG(s) 'sales_dwh_pipeline' retrieved from /opt/airflow/dags/sales_dwh_pipeline.py
[2026-04-30T12:57:33.663+0000] {logging_mixin.py:188} INFO - [2026-04-30T12:57:33.663+0000] {dag.py:3096} INFO - Sync 1 DAGs
[2026-04-30T12:57:33.692+0000] {logging_mixin.py:188} INFO - [2026-04-30T12:57:33.691+0000] {dag.py:3954} INFO - Setting next_dagrun for sales_dwh_pipeline to 2026-04-30 02:00:00+00:00, run_after=2026-05-01 02:00:00+00:00
[2026-04-30T12:57:33.716+0000] {processor.py:183} INFO - Processing /opt/airflow/dags/sales_dwh_pipeline.py took 0.129 seconds
[2026-04-30T12:58:04.619+0000] {processor.py:161} INFO - Started process (PID=1184) to work on /opt/airflow/dags/sales_dwh_pipeline.py
[2026-04-30T12:58:04.620+0000] {processor.py:830} INFO - Processing file /opt/airflow/dags/sales_dwh_pipeline.py for tasks to queue
[2026-04-30T12:58:04.623+0000] {logging_mixin.py:188} INFO - [2026-04-30T12:58:04.623+0000] {dagbag.py:545} INFO - Filling up the DagBag from /opt/airflow/dags/sales_dwh_pipeline.py
[2026-04-30T12:58:04.659+0000] {processor.py:840} INFO - DAG(s) 'sales_dwh_pipeline' retrieved from /opt/airflow/dags/sales_dwh_pipeline.py
[2026-04-30T12:58:04.723+0000] {logging_mixin.py:188} INFO - [2026-04-30T12:58:04.723+0000] {dag.py:3096} INFO - Sync 1 DAGs
[2026-04-30T12:58:04.760+0000] {logging_mixin.py:188} INFO - [2026-04-30T12:58:04.760+0000] {dag.py:3954} INFO - Setting next_dagrun for sales_dwh_pipeline to 2026-04-30 02:00:00+00:00, run_after=2026-05-01 02:00:00+00:00
[2026-04-30T12:58:04.787+0000] {processor.py:183} INFO - Processing /opt/airflow/dags/sales_dwh_pipeline.py took 0.178 seconds
[2026-04-30T12:58:35.165+0000] {processor.py:161} INFO - Started process (PID=1201) to work on /opt/airflow/dags/sales_dwh_pipeline.py
[2026-04-30T12:58:35.166+0000] {processor.py:830} INFO - Processing file /opt/airflow/dags/sales_dwh_pipeline.py for tasks to queue
[2026-04-30T12:58:35.168+0000] {logging_mixin.py:188} INFO - [2026-04-30T12:58:35.168+0000] {dagbag.py:545} INFO - Filling up the DagBag from /opt/airflow/dags/sales_dwh_pipeline.py
[2026-04-30T12:58:35.198+0000] {processor.py:840} INFO - DAG(s) 'sales_dwh_pipeline' retrieved from /opt/airflow/dags/sales_dwh_pipeline.py
[2026-04-30T12:58:35.238+0000] {logging_mixin.py:188} INFO - [2026-04-30T12:58:35.238+0000] {dag.py:3096} INFO - Sync 1 DAGs
[2026-04-30T12:58:35.265+0000] {logging_mixin.py:188} INFO - [2026-04-30T12:58:35.265+0000] {dag.py:3954} INFO - Setting next_dagrun for sales_dwh_pipeline to 2026-04-30 02:00:00+00:00, run_after=2026-05-01 02:00:00+00:00
[2026-04-30T12:58:35.299+0000] {processor.py:183} INFO - Processing /opt/airflow/dags/sales_dwh_pipeline.py took 0.140 seconds
[2026-04-30T12:59:06.112+0000] {processor.py:161} INFO - Started process (PID=1212) to work on /opt/airflow/dags/sales_dwh_pipeline.py
[2026-04-30T12:59:06.113+0000] {processor.py:830} INFO - Processing file /opt/airflow/dags/sales_dwh_pipeline.py for tasks to queue
[2026-04-30T12:59:06.117+0000] {logging_mixin.py:188} INFO - [2026-04-30T12:59:06.116+0000] {dagbag.py:545} INFO - Filling up the DagBag from /opt/airflow/dags/sales_dwh_pipeline.py
[2026-04-30T12:59:06.153+0000] {processor.py:840} INFO - DAG(s) 'sales_dwh_pipeline' retrieved from /opt/airflow/dags/sales_dwh_pipeline.py
[2026-04-30T12:59:06.198+0000] {logging_mixin.py:188} INFO - [2026-04-30T12:59:06.198+0000] {dag.py:3096} INFO - Sync 1 DAGs
[2026-04-30T12:59:06.225+0000] {logging_mixin.py:188} INFO - [2026-04-30T12:59:06.225+0000] {dag.py:3954} INFO - Setting next_dagrun for sales_dwh_pipeline to 2026-04-30 02:00:00+00:00, run_after=2026-05-01 02:00:00+00:00
[2026-04-30T12:59:06.254+0000] {processor.py:183} INFO - Processing /opt/airflow/dags/sales_dwh_pipeline.py took 0.151 seconds
[2026-04-30T12:59:36.902+0000] {processor.py:161} INFO - Started process (PID=1223) to work on /opt/airflow/dags/sales_dwh_pipeline.py
[2026-04-30T12:59:36.903+0000] {processor.py:830} INFO - Processing file /opt/airflow/dags/sales_dwh_pipeline.py for tasks to queue
[2026-04-30T12:59:36.907+0000] {logging_mixin.py:188} INFO - [2026-04-30T12:59:36.906+0000] {dagbag.py:545} INFO - Filling up the DagBag from /opt/airflow/dags/sales_dwh_pipeline.py
[2026-04-30T12:59:36.940+0000] {processor.py:840} INFO - DAG(s) 'sales_dwh_pipeline' retrieved from /opt/airflow/dags/sales_dwh_pipeline.py
[2026-04-30T12:59:36.981+0000] {logging_mixin.py:188} INFO - [2026-04-30T12:59:36.981+0000] {dag.py:3096} INFO - Sync 1 DAGs
[2026-04-30T12:59:37.012+0000] {logging_mixin.py:188} INFO - [2026-04-30T12:59:37.011+0000] {dag.py:3954} INFO - Setting next_dagrun for sales_dwh_pipeline to 2026-04-30 02:00:00+00:00, run_after=2026-05-01 02:00:00+00:00
[2026-04-30T12:59:37.039+0000] {processor.py:183} INFO - Processing /opt/airflow/dags/sales_dwh_pipeline.py took 0.146 seconds
[2026-04-30T13:00:07.838+0000] {processor.py:161} INFO - Started process (PID=1234) to work on /opt/airflow/dags/sales_dwh_pipeline.py
[2026-04-30T13:00:07.840+0000] {processor.py:830} INFO - Processing file /opt/airflow/dags/sales_dwh_pipeline.py for tasks to queue
[2026-04-30T13:00:07.843+0000] {logging_mixin.py:188} INFO - [2026-04-30T13:00:07.842+0000] {dagbag.py:545} INFO - Filling up the DagBag from /opt/airflow/dags/sales_dwh_pipeline.py
[2026-04-30T13:00:07.878+0000] {processor.py:840} INFO - DAG(s) 'sales_dwh_pipeline' retrieved from /opt/airflow/dags/sales_dwh_pipeline.py
[2026-04-30T13:00:07.920+0000] {logging_mixin.py:188} INFO - [2026-04-30T13:00:07.920+0000] {dag.py:3096} INFO - Sync 1 DAGs
[2026-04-30T13:00:07.946+0000] {logging_mixin.py:188} INFO - [2026-04-30T13:00:07.945+0000] {dag.py:3954} INFO - Setting next_dagrun for sales_dwh_pipeline to 2026-04-30 02:00:00+00:00, run_after=2026-05-01 02:00:00+00:00
[2026-04-30T13:00:07.972+0000] {processor.py:183} INFO - Processing /opt/airflow/dags/sales_dwh_pipeline.py took 0.144 seconds
[2026-04-30T13:00:38.449+0000] {processor.py:161} INFO - Started process (PID=1245) to work on /opt/airflow/dags/sales_dwh_pipeline.py
[2026-04-30T13:00:38.450+0000] {processor.py:830} INFO - Processing file /opt/airflow/dags/sales_dwh_pipeline.py for tasks to queue
[2026-04-30T13:00:38.453+0000] {logging_mixin.py:188} INFO - [2026-04-30T13:00:38.453+0000] {dagbag.py:545} INFO - Filling up the DagBag from /opt/airflow/dags/sales_dwh_pipeline.py
[2026-04-30T13:00:38.482+0000] {processor.py:840} INFO - DAG(s) 'sales_dwh_pipeline' retrieved from /opt/airflow/dags/sales_dwh_pipeline.py
[2026-04-30T13:00:38.519+0000] {logging_mixin.py:188} INFO - [2026-04-30T13:00:38.519+0000] {dag.py:3096} INFO - Sync 1 DAGs
[2026-04-30T13:00:38.548+0000] {logging_mixin.py:188} INFO - [2026-04-30T13:00:38.548+0000] {dag.py:3954} INFO - Setting next_dagrun for sales_dwh_pipeline to 2026-04-30 02:00:00+00:00, run_after=2026-05-01 02:00:00+00:00
[2026-04-30T13:00:38.572+0000] {processor.py:183} INFO - Processing /opt/airflow/dags/sales_dwh_pipeline.py took 0.130 seconds
[2026-04-30T13:01:09.132+0000] {processor.py:161} INFO - Started process (PID=1256) to work on /opt/airflow/dags/sales_dwh_pipeline.py
[2026-04-30T13:01:09.133+0000] {processor.py:830} INFO - Processing file /opt/airflow/dags/sales_dwh_pipeline.py for tasks to queue
[2026-04-30T13:01:09.137+0000] {logging_mixin.py:188} INFO - [2026-04-30T13:01:09.137+0000] {dagbag.py:545} INFO - Filling up the DagBag from /opt/airflow/dags/sales_dwh_pipeline.py
[2026-04-30T13:01:09.172+0000] {processor.py:840} INFO - DAG(s) 'sales_dwh_pipeline' retrieved from /opt/airflow/dags/sales_dwh_pipeline.py
[2026-04-30T13:01:09.217+0000] {logging_mixin.py:188} INFO - [2026-04-30T13:01:09.217+0000] {dag.py:3096} INFO - Sync 1 DAGs
[2026-04-30T13:01:09.248+0000] {logging_mixin.py:188} INFO - [2026-04-30T13:01:09.248+0000] {dag.py:3954} INFO - Setting next_dagrun for sales_dwh_pipeline to 2026-04-30 02:00:00+00:00, run_after=2026-05-01 02:00:00+00:00
[2026-04-30T13:01:09.276+0000] {processor.py:183} INFO - Processing /opt/airflow/dags/sales_dwh_pipeline.py took 0.164 seconds
[2026-04-30T13:01:40.231+0000] {processor.py:161} INFO - Started process (PID=1267) to work on /opt/airflow/dags/sales_dwh_pipeline.py
[2026-04-30T13:01:40.233+0000] {processor.py:830} INFO - Processing file /opt/airflow/dags/sales_dwh_pipeline.py for tasks to queue
[2026-04-30T13:01:40.236+0000] {logging_mixin.py:188} INFO - [2026-04-30T13:01:40.235+0000] {dagbag.py:545} INFO - Filling up the DagBag from /opt/airflow/dags/sales_dwh_pipeline.py
[2026-04-30T13:01:40.263+0000] {processor.py:840} INFO - DAG(s) 'sales_dwh_pipeline' retrieved from /opt/airflow/dags/sales_dwh_pipeline.py
[2026-04-30T13:01:40.303+0000] {logging_mixin.py:188} INFO - [2026-04-30T13:01:40.302+0000] {dag.py:3096} INFO - Sync 1 DAGs
[2026-04-30T13:01:40.331+0000] {logging_mixin.py:188} INFO - [2026-04-30T13:01:40.331+0000] {dag.py:3954} INFO - Setting next_dagrun for sales_dwh_pipeline to 2026-04-30 02:00:00+00:00, run_after=2026-05-01 02:00:00+00:00
[2026-04-30T13:01:40.358+0000] {processor.py:183} INFO - Processing /opt/airflow/dags/sales_dwh_pipeline.py took 0.134 seconds
[2026-04-30T13:02:11.031+0000] {processor.py:161} INFO - Started process (PID=1278) to work on /opt/airflow/dags/sales_dwh_pipeline.py
[2026-04-30T13:02:11.032+0000] {processor.py:830} INFO - Processing file /opt/airflow/dags/sales_dwh_pipeline.py for tasks to queue
[2026-04-30T13:02:11.035+0000] {logging_mixin.py:188} INFO - [2026-04-30T13:02:11.035+0000] {dagbag.py:545} INFO - Filling up the DagBag from /opt/airflow/dags/sales_dwh_pipeline.py
[2026-04-30T13:02:11.068+0000] {processor.py:840} INFO - DAG(s) 'sales_dwh_pipeline' retrieved from /opt/airflow/dags/sales_dwh_pipeline.py
[2026-04-30T13:02:11.111+0000] {logging_mixin.py:188} INFO - [2026-04-30T13:02:11.111+0000] {dag.py:3096} INFO - Sync 1 DAGs
[2026-04-30T13:02:11.138+0000] {logging_mixin.py:188} INFO - [2026-04-30T13:02:11.138+0000] {dag.py:3954} INFO - Setting next_dagrun for sales_dwh_pipeline to 2026-04-30 02:00:00+00:00, run_after=2026-05-01 02:00:00+00:00
[2026-04-30T13:02:11.163+0000] {processor.py:183} INFO - Processing /opt/airflow/dags/sales_dwh_pipeline.py took 0.139 seconds
[2026-04-30T13:02:41.249+0000] {processor.py:161} INFO - Started process (PID=1289) to work on /opt/airflow/dags/sales_dwh_pipeline.py
[2026-04-30T13:02:41.251+0000] {processor.py:830} INFO - Processing file /opt/airflow/dags/sales_dwh_pipeline.py for tasks to queue
[2026-04-30T13:02:41.253+0000] {logging_mixin.py:188} INFO - [2026-04-30T13:02:41.253+0000] {dagbag.py:545} INFO - Filling up the DagBag from /opt/airflow/dags/sales_dwh_pipeline.py
[2026-04-30T13:02:41.283+0000] {processor.py:840} INFO - DAG(s) 'sales_dwh_pipeline' retrieved from /opt/airflow/dags/sales_dwh_pipeline.py
[2026-04-30T13:02:41.321+0000] {logging_mixin.py:188} INFO - [2026-04-30T13:02:41.320+0000] {dag.py:3096} INFO - Sync 1 DAGs
[2026-04-30T13:02:41.350+0000] {logging_mixin.py:188} INFO - [2026-04-30T13:02:41.350+0000] {dag.py:3954} INFO - Setting next_dagrun for sales_dwh_pipeline to 2026-04-30 02:00:00+00:00, run_after=2026-05-01 02:00:00+00:00
[2026-04-30T13:02:41.373+0000] {processor.py:183} INFO - Processing /opt/airflow/dags/sales_dwh_pipeline.py took 0.131 seconds
[2026-04-30T13:03:12.194+0000] {processor.py:161} INFO - Started process (PID=1300) to work on /opt/airflow/dags/sales_dwh_pipeline.py
[2026-04-30T13:03:12.195+0000] {processor.py:830} INFO - Processing file /opt/airflow/dags/sales_dwh_pipeline.py for tasks to queue
[2026-04-30T13:03:12.198+0000] {logging_mixin.py:188} INFO - [2026-04-30T13:03:12.197+0000] {dagbag.py:545} INFO - Filling up the DagBag from /opt/airflow/dags/sales_dwh_pipeline.py
[2026-04-30T13:03:12.242+0000] {processor.py:840} INFO - DAG(s) 'sales_dwh_pipeline' retrieved from /opt/airflow/dags/sales_dwh_pipeline.py
[2026-04-30T13:03:12.285+0000] {logging_mixin.py:188} INFO - [2026-04-30T13:03:12.285+0000] {dag.py:3096} INFO - Sync 1 DAGs
[2026-04-30T13:03:12.314+0000] {logging_mixin.py:188} INFO - [2026-04-30T13:03:12.314+0000] {dag.py:3954} INFO - Setting next_dagrun for sales_dwh_pipeline to 2026-04-30 02:00:00+00:00, run_after=2026-05-01 02:00:00+00:00
[2026-04-30T13:03:12.337+0000] {processor.py:183} INFO - Processing /opt/airflow/dags/sales_dwh_pipeline.py took 0.163 seconds
[2026-04-30T13:03:42.936+0000] {processor.py:161} INFO - Started process (PID=1311) to work on /opt/airflow/dags/sales_dwh_pipeline.py
[2026-04-30T13:03:42.938+0000] {processor.py:830} INFO - Processing file /opt/airflow/dags/sales_dwh_pipeline.py for tasks to queue
[2026-04-30T13:03:42.940+0000] {logging_mixin.py:188} INFO - [2026-04-30T13:03:42.940+0000] {dagbag.py:545} INFO - Filling up the DagBag from /opt/airflow/dags/sales_dwh_pipeline.py
[2026-04-30T13:03:42.972+0000] {processor.py:840} INFO - DAG(s) 'sales_dwh_pipeline' retrieved from /opt/airflow/dags/sales_dwh_pipeline.py
[2026-04-30T13:03:43.020+0000] {logging_mixin.py:188} INFO - [2026-04-30T13:03:43.019+0000] {dag.py:3096} INFO - Sync 1 DAGs
[2026-04-30T13:03:43.042+0000] {logging_mixin.py:188} INFO - [2026-04-30T13:03:43.041+0000] {dag.py:3954} INFO - Setting next_dagrun for sales_dwh_pipeline to 2026-04-30 02:00:00+00:00, run_after=2026-05-01 02:00:00+00:00
[2026-04-30T13:03:43.061+0000] {processor.py:183} INFO - Processing /opt/airflow/dags/sales_dwh_pipeline.py took 0.131 seconds
[2026-04-30T13:04:13.876+0000] {processor.py:161} INFO - Started process (PID=1328) to work on /opt/airflow/dags/sales_dwh_pipeline.py
[2026-04-30T13:04:13.877+0000] {processor.py:830} INFO - Processing file /opt/airflow/dags/sales_dwh_pipeline.py for tasks to queue
[2026-04-30T13:04:13.880+0000] {logging_mixin.py:188} INFO - [2026-04-30T13:04:13.880+0000] {dagbag.py:545} INFO - Filling up the DagBag from /opt/airflow/dags/sales_dwh_pipeline.py
[2026-04-30T13:04:13.909+0000] {processor.py:840} INFO - DAG(s) 'sales_dwh_pipeline' retrieved from /opt/airflow/dags/sales_dwh_pipeline.py
[2026-04-30T13:04:13.949+0000] {logging_mixin.py:188} INFO - [2026-04-30T13:04:13.948+0000] {dag.py:3096} INFO - Sync 1 DAGs
[2026-04-30T13:04:13.979+0000] {logging_mixin.py:188} INFO - [2026-04-30T13:04:13.978+0000] {dag.py:3954} INFO - Setting next_dagrun for sales_dwh_pipeline to 2026-04-30 02:00:00+00:00, run_after=2026-05-01 02:00:00+00:00
[2026-04-30T13:04:14.021+0000] {processor.py:183} INFO - Processing /opt/airflow/dags/sales_dwh_pipeline.py took 0.152 seconds
[2026-04-30T13:04:44.883+0000] {processor.py:161} INFO - Started process (PID=1340) to work on /opt/airflow/dags/sales_dwh_pipeline.py
[2026-04-30T13:04:44.885+0000] {processor.py:830} INFO - Processing file /opt/airflow/dags/sales_dwh_pipeline.py for tasks to queue
[2026-04-30T13:04:44.889+0000] {logging_mixin.py:188} INFO - [2026-04-30T13:04:44.888+0000] {dagbag.py:545} INFO - Filling up the DagBag from /opt/airflow/dags/sales_dwh_pipeline.py
[2026-04-30T13:04:44.939+0000] {processor.py:840} INFO - DAG(s) 'sales_dwh_pipeline' retrieved from /opt/airflow/dags/sales_dwh_pipeline.py
[2026-04-30T13:04:45.033+0000] {logging_mixin.py:188} INFO - [2026-04-30T13:04:45.033+0000] {dag.py:3096} INFO - Sync 1 DAGs
[2026-04-30T13:04:45.070+0000] {logging_mixin.py:188} INFO - [2026-04-30T13:04:45.069+0000] {dag.py:3954} INFO - Setting next_dagrun for sales_dwh_pipeline to 2026-04-30 02:00:00+00:00, run_after=2026-05-01 02:00:00+00:00
[2026-04-30T13:04:45.096+0000] {processor.py:183} INFO - Processing /opt/airflow/dags/sales_dwh_pipeline.py took 0.223 seconds
[2026-04-30T13:05:15.644+0000] {processor.py:161} INFO - Started process (PID=1351) to work on /opt/airflow/dags/sales_dwh_pipeline.py
[2026-04-30T13:05:15.645+0000] {processor.py:830} INFO - Processing file /opt/airflow/dags/sales_dwh_pipeline.py for tasks to queue
[2026-04-30T13:05:15.648+0000] {logging_mixin.py:188} INFO - [2026-04-30T13:05:15.648+0000] {dagbag.py:545} INFO - Filling up the DagBag from /opt/airflow/dags/sales_dwh_pipeline.py
[2026-04-30T13:05:15.686+0000] {processor.py:840} INFO - DAG(s) 'sales_dwh_pipeline' retrieved from /opt/airflow/dags/sales_dwh_pipeline.py
[2026-04-30T13:05:15.731+0000] {logging_mixin.py:188} INFO - [2026-04-30T13:05:15.730+0000] {dag.py:3096} INFO - Sync 1 DAGs
[2026-04-30T13:05:15.760+0000] {logging_mixin.py:188} INFO - [2026-04-30T13:05:15.760+0000] {dag.py:3954} INFO - Setting next_dagrun for sales_dwh_pipeline to 2026-04-30 02:00:00+00:00, run_after=2026-05-01 02:00:00+00:00
[2026-04-30T13:05:15.786+0000] {processor.py:183} INFO - Processing /opt/airflow/dags/sales_dwh_pipeline.py took 0.164 seconds
[2026-04-30T13:05:46.356+0000] {processor.py:161} INFO - Started process (PID=1362) to work on /opt/airflow/dags/sales_dwh_pipeline.py
[2026-04-30T13:05:46.357+0000] {processor.py:830} INFO - Processing file /opt/airflow/dags/sales_dwh_pipeline.py for tasks to queue
[2026-04-30T13:05:46.359+0000] {logging_mixin.py:188} INFO - [2026-04-30T13:05:46.359+0000] {dagbag.py:545} INFO - Filling up the DagBag from /opt/airflow/dags/sales_dwh_pipeline.py
[2026-04-30T13:05:46.385+0000] {processor.py:840} INFO - DAG(s) 'sales_dwh_pipeline' retrieved from /opt/airflow/dags/sales_dwh_pipeline.py
[2026-04-30T13:05:46.420+0000] {logging_mixin.py:188} INFO - [2026-04-30T13:05:46.420+0000] {dag.py:3096} INFO - Sync 1 DAGs
[2026-04-30T13:05:46.446+0000] {logging_mixin.py:188} INFO - [2026-04-30T13:05:46.446+0000] {dag.py:3954} INFO - Setting next_dagrun for sales_dwh_pipeline to 2026-04-30 02:00:00+00:00, run_after=2026-05-01 02:00:00+00:00
[2026-04-30T13:05:46.468+0000] {processor.py:183} INFO - Processing /opt/airflow/dags/sales_dwh_pipeline.py took 0.119 seconds
[2026-04-30T13:06:16.865+0000] {processor.py:161} INFO - Started process (PID=1373) to work on /opt/airflow/dags/sales_dwh_pipeline.py
[2026-04-30T13:06:16.866+0000] {processor.py:830} INFO - Processing file /opt/airflow/dags/sales_dwh_pipeline.py for tasks to queue
[2026-04-30T13:06:16.868+0000] {logging_mixin.py:188} INFO - [2026-04-30T13:06:16.868+0000] {dagbag.py:545} INFO - Filling up the DagBag from /opt/airflow/dags/sales_dwh_pipeline.py
[2026-04-30T13:06:16.899+0000] {processor.py:840} INFO - DAG(s) 'sales_dwh_pipeline' retrieved from /opt/airflow/dags/sales_dwh_pipeline.py
[2026-04-30T13:06:16.940+0000] {logging_mixin.py:188} INFO - [2026-04-30T13:06:16.940+0000] {dag.py:3096} INFO - Sync 1 DAGs
[2026-04-30T13:06:16.973+0000] {logging_mixin.py:188} INFO - [2026-04-30T13:06:16.973+0000] {dag.py:3954} INFO - Setting next_dagrun for sales_dwh_pipeline to 2026-04-30 02:00:00+00:00, run_after=2026-05-01 02:00:00+00:00
[2026-04-30T13:06:16.998+0000] {processor.py:183} INFO - Processing /opt/airflow/dags/sales_dwh_pipeline.py took 0.139 seconds
[2026-04-30T13:06:47.497+0000] {processor.py:161} INFO - Started process (PID=1384) to work on /opt/airflow/dags/sales_dwh_pipeline.py
[2026-04-30T13:06:47.499+0000] {processor.py:830} INFO - Processing file /opt/airflow/dags/sales_dwh_pipeline.py for tasks to queue
[2026-04-30T13:06:47.501+0000] {logging_mixin.py:188} INFO - [2026-04-30T13:06:47.501+0000] {dagbag.py:545} INFO - Filling up the DagBag from /opt/airflow/dags/sales_dwh_pipeline.py
[2026-04-30T13:06:47.532+0000] {processor.py:840} INFO - DAG(s) 'sales_dwh_pipeline' retrieved from /opt/airflow/dags/sales_dwh_pipeline.py
[2026-04-30T13:06:47.585+0000] {logging_mixin.py:188} INFO - [2026-04-30T13:06:47.584+0000] {dag.py:3096} INFO - Sync 1 DAGs
[2026-04-30T13:06:47.615+0000] {logging_mixin.py:188} INFO - [2026-04-30T13:06:47.615+0000] {dag.py:3954} INFO - Setting next_dagrun for sales_dwh_pipeline to 2026-04-30 02:00:00+00:00, run_after=2026-05-01 02:00:00+00:00
[2026-04-30T13:06:47.638+0000] {processor.py:183} INFO - Processing /opt/airflow/dags/sales_dwh_pipeline.py took 0.149 seconds
[2026-04-30T13:07:18.324+0000] {processor.py:161} INFO - Started process (PID=1395) to work on /opt/airflow/dags/sales_dwh_pipeline.py
[2026-04-30T13:07:18.325+0000] {processor.py:830} INFO - Processing file /opt/airflow/dags/sales_dwh_pipeline.py for tasks to queue
[2026-04-30T13:07:18.328+0000] {logging_mixin.py:188} INFO - [2026-04-30T13:07:18.327+0000] {dagbag.py:545} INFO - Filling up the DagBag from /opt/airflow/dags/sales_dwh_pipeline.py
[2026-04-30T13:07:18.355+0000] {processor.py:840} INFO - DAG(s) 'sales_dwh_pipeline' retrieved from /opt/airflow/dags/sales_dwh_pipeline.py
[2026-04-30T13:07:18.393+0000] {logging_mixin.py:188} INFO - [2026-04-30T13:07:18.393+0000] {dag.py:3096} INFO - Sync 1 DAGs
[2026-04-30T13:07:18.421+0000] {logging_mixin.py:188} INFO - [2026-04-30T13:07:18.420+0000] {dag.py:3954} INFO - Setting next_dagrun for sales_dwh_pipeline to 2026-04-30 02:00:00+00:00, run_after=2026-05-01 02:00:00+00:00
[2026-04-30T13:07:18.443+0000] {processor.py:183} INFO - Processing /opt/airflow/dags/sales_dwh_pipeline.py took 0.126 seconds
[2026-04-30T13:07:49.123+0000] {processor.py:161} INFO - Started process (PID=1406) to work on /opt/airflow/dags/sales_dwh_pipeline.py
[2026-04-30T13:07:49.125+0000] {processor.py:830} INFO - Processing file /opt/airflow/dags/sales_dwh_pipeline.py for tasks to queue
[2026-04-30T13:07:49.127+0000] {logging_mixin.py:188} INFO - [2026-04-30T13:07:49.127+0000] {dagbag.py:545} INFO - Filling up the DagBag from /opt/airflow/dags/sales_dwh_pipeline.py
[2026-04-30T13:07:49.157+0000] {processor.py:840} INFO - DAG(s) 'sales_dwh_pipeline' retrieved from /opt/airflow/dags/sales_dwh_pipeline.py
[2026-04-30T13:07:49.196+0000] {logging_mixin.py:188} INFO - [2026-04-30T13:07:49.196+0000] {dag.py:3096} INFO - Sync 1 DAGs
[2026-04-30T13:07:49.225+0000] {logging_mixin.py:188} INFO - [2026-04-30T13:07:49.225+0000] {dag.py:3954} INFO - Setting next_dagrun for sales_dwh_pipeline to 2026-04-30 02:00:00+00:00, run_after=2026-05-01 02:00:00+00:00
[2026-04-30T13:07:49.250+0000] {processor.py:183} INFO - Processing /opt/airflow/dags/sales_dwh_pipeline.py took 0.134 seconds
[2026-04-30T13:08:19.744+0000] {processor.py:161} INFO - Started process (PID=1417) to work on /opt/airflow/dags/sales_dwh_pipeline.py
[2026-04-30T13:08:19.746+0000] {processor.py:830} INFO - Processing file /opt/airflow/dags/sales_dwh_pipeline.py for tasks to queue
[2026-04-30T13:08:19.749+0000] {logging_mixin.py:188} INFO - [2026-04-30T13:08:19.749+0000] {dagbag.py:545} INFO - Filling up the DagBag from /opt/airflow/dags/sales_dwh_pipeline.py
[2026-04-30T13:08:19.787+0000] {processor.py:840} INFO - DAG(s) 'sales_dwh_pipeline' retrieved from /opt/airflow/dags/sales_dwh_pipeline.py
[2026-04-30T13:08:19.834+0000] {logging_mixin.py:188} INFO - [2026-04-30T13:08:19.833+0000] {dag.py:3096} INFO - Sync 1 DAGs
[2026-04-30T13:08:19.864+0000] {logging_mixin.py:188} INFO - [2026-04-30T13:08:19.863+0000] {dag.py:3954} INFO - Setting next_dagrun for sales_dwh_pipeline to 2026-04-30 02:00:00+00:00, run_after=2026-05-01 02:00:00+00:00
[2026-04-30T13:08:19.887+0000] {processor.py:183} INFO - Processing /opt/airflow/dags/sales_dwh_pipeline.py took 0.160 seconds
[2026-04-30T13:08:50.391+0000] {processor.py:161} INFO - Started process (PID=1428) to work on /opt/airflow/dags/sales_dwh_pipeline.py
[2026-04-30T13:08:50.392+0000] {processor.py:830} INFO - Processing file /opt/airflow/dags/sales_dwh_pipeline.py for tasks to queue
[2026-04-30T13:08:50.395+0000] {logging_mixin.py:188} INFO - [2026-04-30T13:08:50.394+0000] {dagbag.py:545} INFO - Filling up the DagBag from /opt/airflow/dags/sales_dwh_pipeline.py
[2026-04-30T13:08:50.429+0000] {processor.py:840} INFO - DAG(s) 'sales_dwh_pipeline' retrieved from /opt/airflow/dags/sales_dwh_pipeline.py
[2026-04-30T13:08:50.476+0000] {logging_mixin.py:188} INFO - [2026-04-30T13:08:50.476+0000] {dag.py:3096} INFO - Sync 1 DAGs
[2026-04-30T13:08:50.503+0000] {logging_mixin.py:188} INFO - [2026-04-30T13:08:50.503+0000] {dag.py:3954} INFO - Setting next_dagrun for sales_dwh_pipeline to 2026-04-30 02:00:00+00:00, run_after=2026-05-01 02:00:00+00:00
[2026-04-30T13:08:50.527+0000] {processor.py:183} INFO - Processing /opt/airflow/dags/sales_dwh_pipeline.py took 0.156 seconds
[2026-04-30T13:09:21.138+0000] {processor.py:161} INFO - Started process (PID=1439) to work on /opt/airflow/dags/sales_dwh_pipeline.py
[2026-04-30T13:09:21.139+0000] {processor.py:830} INFO - Processing file /opt/airflow/dags/sales_dwh_pipeline.py for tasks to queue
[2026-04-30T13:09:21.143+0000] {logging_mixin.py:188} INFO - [2026-04-30T13:09:21.142+0000] {dagbag.py:545} INFO - Filling up the DagBag from /opt/airflow/dags/sales_dwh_pipeline.py
[2026-04-30T13:09:21.171+0000] {processor.py:840} INFO - DAG(s) 'sales_dwh_pipeline' retrieved from /opt/airflow/dags/sales_dwh_pipeline.py
[2026-04-30T13:09:21.209+0000] {logging_mixin.py:188} INFO - [2026-04-30T13:09:21.209+0000] {dag.py:3096} INFO - Sync 1 DAGs
[2026-04-30T13:09:20.419+0000] {logging_mixin.py:188} INFO - [2026-04-30T13:09:20.419+0000] {dag.py:3954} INFO - Setting next_dagrun for sales_dwh_pipeline to 2026-04-30 02:00:00+00:00, run_after=2026-05-01 02:00:00+00:00
[2026-04-30T13:09:20.441+0000] {processor.py:183} INFO - Processing /opt/airflow/dags/sales_dwh_pipeline.py took 0.130 seconds
